opera1,opera,opera3,language,composer,day_of_week,week,year,month,label,popularity_predictions,length,ending,story,kid,date,date1,link,name
Adriana_Lecouvreur1,Adriana_Lecouvreur1,Adriana Lecouvreur,Italian,Cilea,Monday,1,2018,12,score,5598.972,213,sad,Drama,0,31-Dec-18,12/31/18,https://www.metopera.org/smart-seat/?performanceNumber=15133#/,Adriana Lecouvreur
Adriana_Lecouvreur2,Adriana_Lecouvreur2,Adriana Lecouvreur,Italian,Cilea,Friday,1,2019,1,score,5421.944,213,sad,Drama,0,4-Jan-19,1/4/19,https://www.metopera.org/smart-seat/?performanceNumber=15134#/,Adriana Lecouvreur
Adriana_Lecouvreur3,Adriana_Lecouvreur3,Adriana Lecouvreur,Italian,Cilea,Tuesday,2,2019,1,score,5411.661,213,sad,Drama,0,8-Jan-19,1/8/19,https://www.metopera.org/smart-seat/?performanceNumber=15135#/,Adriana Lecouvreur
Adriana_Lecouvreur4,Adriana_Lecouvreur4,Adriana Lecouvreur,Italian,Cilea,Saturday,2,2019,1,score,5282.351,213,sad,Drama,0,12-Jan-19,1/12/19,https://www.metopera.org/smart-seat/?performanceNumber=15136#/,Adriana Lecouvreur
Adriana_Lecouvreur5,Adriana_Lecouvreur5,Adriana Lecouvreur,Italian,Cilea,Wednesday,3,2019,1,score,5233.484,213,sad,Drama,0,16-Jan-19,1/16/19,https://www.metopera.org/smart-seat/?performanceNumber=15137#/,Adriana Lecouvreur
Adriana_Lecouvreur6,Adriana_Lecouvreur6,Adriana Lecouvreur,Italian,Cilea,Saturday,3,2019,1,score,5311.383,213,sad,Drama,0,19-Jan-19,1/19/19,https://www.metopera.org/smart-seat/?performanceNumber=15138#/,Adriana Lecouvreur
Adriana_Lecouvreur7,Adriana_Lecouvreur7,Adriana Lecouvreur,Italian,Cilea,Wednesday,4,2019,1,score,5351.926,213,sad,Drama,0,23-Jan-19,1/23/19,https://www.metopera.org/smart-seat/?performanceNumber=15139#/,Adriana Lecouvreur
Adriana_Lecouvreur8,Adriana_Lecouvreur8,Adriana Lecouvreur,Italian,Cilea,Saturday,4,2019,1,score,5328.706,213,sad,Drama,0,26-Jan-19,1/26/19,https://www.metopera.org/smart-seat/?performanceNumber=15140#/,Adriana Lecouvreur
Aida1,Aida1,Aida,Italian,Verdi,Wednesday,39,2018,9,score,5271.454,200,sad,Drama,0,26-Sep-18,9/26/18,https://www.metopera.org/smart-seat/?performanceNumber=15142#/,Aida
Aida10,Aida10,Aida,Italian,Verdi,Friday,3,2019,1,score,4375.138,200,sad,Drama,0,14-Jan-19,1/14/19,https://www.metopera.org/smart-seat/?performanceNumber=15151#/,Aida
Aida11,Aida11,Aida,Italian,Verdi,Monday,3,2019,1,score,4501.484,200,sad,Drama,0,18-Jan-19,1/18/19,https://www.metopera.org/smart-seat/?performanceNumber=15152#/,Aida
Aida12,Aida12,Aida,Italian,Verdi,Thursday,9,2019,2,score,5035.768,200,sad,Drama,0,28-Feb-19,2/28/19,https://www.metopera.org/smart-seat/?performanceNumber=15153#/,Aida
Aida13,Aida13,Aida,Italian,Verdi,Thursday,10,2019,3,score,4913.011,200,sad,Drama,0,4-Mar-19,3/4/19,https://www.metopera.org/smart-seat/?performanceNumber=15154#/,Aida
Aida14,Aida14,Aida,Italian,Verdi,Monday,10,2019,3,score,4980.308,200,sad,Drama,0,7-Mar-19,3/7/19,https://www.metopera.org/smart-seat/?performanceNumber=15155#/,Aida
Aida2,Aida2,Aida,Italian,Verdi,Saturday,39,2018,9,score,5627.929,200,sad,Drama,0,29-Sep-18,9/29/18,https://www.metopera.org/smart-seat/?performanceNumber=15143#/,Aida
Aida3,Aida3,Aida,Italian,Verdi,Tuesday,40,2018,10,score,5155.755,200,sad,Drama,0,2-Oct-18,10/2/18,https://www.metopera.org/smart-seat/?performanceNumber=15144#/,Aida
Aida4,Aida4,Aida,Italian,Verdi,Saturday,40,2018,10,score,5735.231,200,sad,Drama,0,6-Oct-18,10/6/18,https://www.metopera.org/smart-seat/?performanceNumber=15145#/,Aida
Aida5,Aida5,Aida,Italian,Verdi,Thursday,41,2018,10,score,5339.332,200,sad,Drama,0,11-Oct-18,10/11/18,https://www.metopera.org/smart-seat/?performanceNumber=15146#/,Aida
Aida6,Aida6,Aida,Italian,Verdi,Thursday,42,2018,10,score,5306.844,200,sad,Drama,0,15-Oct-18,10/15/18,https://www.metopera.org/smart-seat/?performanceNumber=15147#/,Aida
Aida7,Aida7,Aida,Italian,Verdi,Monday,42,2018,10,score,5438.91,200,sad,Drama,0,18-Oct-18,10/18/18,https://www.metopera.org/smart-seat/?performanceNumber=15148#/,Aida
Aida8,Aida8,Aida,Italian,Verdi,Friday,2,2019,1,score,4362.786,200,sad,Drama,0,7-Jan-19,1/7/19,https://www.metopera.org/smart-seat/?performanceNumber=15149#/,Aida
Aida9,Aida9,Aida,Italian,Verdi,Monday,2,2019,1,score,4488.005,200,sad,Drama,0,11-Jan-19,1/11/19,https://www.metopera.org/smart-seat/?performanceNumber=15150#/,Aida
Carmen1,Carmen1,Carmen,French,Bizet,Tuesday,44,2018,10,score,6006.554,201,sad,Drama,0,30-Oct-18,10/30/18,https://www.metopera.org/smart-seat/?performanceNumber=15191#/,Carmen
Carmen10,Carmen10,Carmen,French,Bizet,Monday,4,2019,1,score,4493.622,201,sad,Drama,0,26-Jan-19,1/26/19,https://www.metopera.org/smart-seat/?performanceNumber=15200#/,Carmen
Carmen11,Carmen11,Carmen,French,Bizet,Tuesday,5,2019,1,score,4342.807,201,sad,Drama,0,29-Jan-19,1/29/19,https://www.metopera.org/smart-seat/?performanceNumber=15201#/,Carmen
Carmen12,Carmen12,Carmen,French,Bizet,Saturday,5,2019,2,score,5711.173,201,sad,Drama,0,2-Feb-19,2/2/19,https://www.metopera.org/smart-seat/?performanceNumber=15202#/,Carmen
Carmen13,Carmen13,Carmen,French,Bizet,Friday,6,2019,2,score,5090.225,201,sad,Drama,0,5-Feb-19,2/5/19,https://www.metopera.org/smart-seat/?performanceNumber=15203#/,Carmen
Carmen14,Carmen14,Carmen,French,Bizet,Tuesday,6,2019,2,score,5191.948,201,sad,Drama,0,8-Feb-19,2/8/19,https://www.metopera.org/smart-seat/?performanceNumber=15204#/,Carmen
Carmen2,Carmen2,Carmen,French,Bizet,Saturday,44,2018,11,score,6289.547,201,sad,Drama,0,3-Nov-18,11/3/18,https://www.metopera.org/smart-seat/?performanceNumber=15192#/,Carmen
Carmen3,Carmen3,Carmen,French,Bizet,Saturday,45,2018,11,score,6315.336,201,sad,Drama,0,6-Nov-18,11/6/18,https://www.metopera.org/smart-seat/?performanceNumber=15193#/,Carmen
Carmen4,Carmen4,Carmen,French,Bizet,Tuesday,45,2018,11,score,6374.269,201,sad,Drama,0,10-Nov-18,11/10/18,https://www.metopera.org/smart-seat/?performanceNumber=15194#/,Carmen
Carmen5,Carmen5,Carmen,French,Bizet,Thursday,46,2018,11,score,6443.213,201,sad,Drama,0,15-Nov-18,11/15/18,https://www.metopera.org/smart-seat/?performanceNumber=15195#/,Carmen
Carmen6,Carmen6,Carmen,French,Bizet,Saturday,2,2019,1,score,4153.945,201,sad,Drama,0,9-Jan-19,1/9/19,https://www.metopera.org/smart-seat/?performanceNumber=15196#/,Carmen
Carmen7,Carmen7,Carmen,French,Bizet,Wednesday,2,2019,1,score,5798.813,201,sad,Drama,0,12-Jan-19,1/12/19,https://www.metopera.org/smart-seat/?performanceNumber=15197#/,Carmen
Carmen8,Carmen8,Carmen,French,Bizet,Thursday,3,2019,1,score,4856.532,201,sad,Drama,0,17-Jan-19,1/17/19,https://www.metopera.org/smart-seat/?performanceNumber=15198#/,Carmen
Carmen9,Carmen9,Carmen,French,Bizet,Saturday,4,2019,1,score,4367.629,201,sad,Drama,0,21-Jan-19,1/21/19,https://www.metopera.org/smart-seat/?performanceNumber=15199#/,Carmen
Das_Rheingold1,Das_Rheingold1,Das Rheingold,German,Wagner,Thursday,11,2019,3,score,9240.128,150,sad,Fantasy,1,14-Mar-19,3/14/19,https://www.metopera.org/season/reserve/date-comparison/?perf=15307,Das Rheingold
Dialogues_Carmelites1,Dialogues_Carmelites1,Dialogues Carmelites,French,Poulenc,Friday,18,2019,5,score,5907.679,189,sad,Drama,0,3-May-19,5/3/19,https://www.metopera.org/smart-seat/?performanceNumber=15186#/,Dialogues des Carmèlites
Dialogues_Carmelites2,Dialogues_Carmelites2,Dialogues Carmelites,French,Poulenc,Wednesday,19,2019,5,score,5808.496,189,sad,Drama,0,8-May-19,5/8/19,https://www.metopera.org/smart-seat/?performanceNumber=15187#/,Dialogues des Carmèlites
Dialogues_Carmelites3,Dialogues_Carmelites3,Dialogues Carmelites,French,Poulenc,Saturday,19,2019,5,score,5815.701,189,sad,Drama,0,11-May-19,5/11/19,https://www.metopera.org/smart-seat/?performanceNumber=15188#/,Dialogues des Carmèlites
Die_Walküre1,Die_Walküre1,Die Walküre,German,Wagner,Monday,13,2019,3,score,7625.64,295,sad,Fantasy,0,25-Mar-19,3/25/19,https://www.metopera.org/smart-seat/?performanceNumber=15380#/,Die Walküre
Die_Walküre2,Die_Walküre2,Die Walküre,German,Wagner,Saturday,13,2019,3,score,7643.129,295,sad,Fantasy,0,30-Mar-19,3/30/19,https://www.metopera.org/smart-seat/?performanceNumber=15381#/,Die Walküre
Die_Walküre3,Die_Walküre3,Die Walküre,German,Wagner,Thursday,17,2019,4,score,7423.289,295,sad,Fantasy,0,25-Apr-19,4/25/19,https://www.metopera.org/smart-seat/?performanceNumber=15382#/,Die Walküre
Die_Walküre4,Die_Walküre4,Die Walküre,German,Wagner,Tuesday,18,2019,4,score,7507.34,295,sad,Fantasy,0,30-Apr-19,4/30/19,https://www.metopera.org/smart-seat/?performanceNumber=15383#/,Die Walküre
Die_Walküre5,Die_Walküre5,Die Walküre,German,Wagner,Tuesday,19,2019,5,score,7519.832,295,sad,Fantasy,0,7-May-19,5/7/19,https://www.metopera.org/smart-seat/?performanceNumber=15384#/,Die Walküre
Die_Zauberflöte1,Die_Zauberflöte1,Die Zauberflöte,English,Mozart,Wednesday,51,2018,12,score,5947.913,102,happy,Fantasy,1,19-Dec-18,12/19/18,https://www.metopera.org/smart-seat/?performanceNumber=15232#/,Die Zauberflöte
Die_Zauberflöte2,Die_Zauberflöte2,Die Zauberflöte,English,Mozart,Saturday,51,2018,12,score,5789.564,102,happy,Fantasy,1,22-Dec-18,12/22/18,https://www.metopera.org/smart-seat/?performanceNumber=15233#/,Die Zauberflöte
Die_Zauberflöte3,Die_Zauberflöte3,Die Zauberflöte,English,Mozart,Monday,52,2018,12,score,5679.928,102,happy,Fantasy,1,24-Dec-18,12/24/18,https://www.metopera.org/smart-seat/?performanceNumber=15234#/,Die Zauberflöte
Die_Zauberflöte4,Die_Zauberflöte4,Die Zauberflöte,English,Mozart,Thursday,52,2018,12,score,6133.777,102,happy,Fantasy,1,27-Dec-18,12/27/18,https://www.metopera.org/smart-seat/?performanceNumber=15235#/,Die Zauberflöte
Die_Zauberflöte5,Die_Zauberflöte5,Die Zauberflöte,English,Mozart,Saturday,52,2018,12,score,5921.634,102,happy,Fantasy,1,29-Dec-18,12/29/18,https://www.metopera.org/smart-seat/?performanceNumber=15236#/,Die Zauberflöte
Die_Zauberflöte6,Die_Zauberflöte6,Die Zauberflöte,English,Mozart,Tuesday,1,2019,1,score,5303.709,102,happy,Fantasy,1,1-Jan-19,1/1/19,https://www.metopera.org/smart-seat/?performanceNumber=15237#/,Die Zauberflöte
Die_Zauberflöte7,Die_Zauberflöte7,Die Zauberflöte,English,Mozart,Thursday,1,2019,1,score,5531.678,102,happy,Fantasy,1,3-Jan-19,1/3/19,https://www.metopera.org/smart-seat/?performanceNumber=15238#/,Die Zauberflöte
Die_Zauberflöte8,Die_Zauberflöte8,Die Zauberflöte,English,Mozart,Saturday,1,2019,1,score,5430.473,102,happy,Fantasy,1,5-Jan-19,1/5/19,https://www.metopera.org/smart-seat/?performanceNumber=15239#/,Die Zauberflöte
Don_Giovanni1,Don_Giovanni1,Don Giovanni,Italian,Mozart,Wednesday,5,2019,1,score,5752.228,205,sad,Drama,0,30-Jan-19,1/30/19,https://www.metopera.org/smart-seat/?performanceNumber=15242#/,Don Giovanni
Don_Giovanni2,Don_Giovanni2,Don Giovanni,Italian,Mozart,Saturday,5,2019,2,score,5745.53,205,sad,Drama,0,2-Feb-19,2/2/19,https://www.metopera.org/smart-seat/?performanceNumber=15243#/,Don Giovanni
Don_Giovanni3,Don_Giovanni3,Don Giovanni,Italian,Mozart,Wednesday,6,2019,2,score,5761.209,205,sad,Drama,0,6-Feb-19,2/6/19,https://www.metopera.org/smart-seat/?performanceNumber=15244#/,Don Giovanni
Don_Giovanni4,Don_Giovanni4,Don Giovanni,Italian,Mozart,Saturday,6,2019,2,score,5754.425,205,sad,Drama,0,9-Feb-19,2/9/19,https://www.metopera.org/smart-seat/?performanceNumber=15245#/,Don Giovanni
Don_Giovanni5,Don_Giovanni5,Don Giovanni,Italian,Mozart,Wednesday,7,2019,2,score,5776.504,205,sad,Drama,0,13-Feb-19,2/13/19,https://www.metopera.org/smart-seat/?performanceNumber=15246#/,Don Giovanni
Don_Giovanni6,Don_Giovanni6,Don Giovanni,Italian,Mozart,Saturday,7,2019,2,score,5770.109,205,sad,Drama,0,16-Feb-19,2/16/19,https://www.metopera.org/smart-seat/?performanceNumber=15247#/,Don Giovanni
Don_Giovanni7,Don_Giovanni7,Don Giovanni,Italian,Mozart,Wednesday,8,2019,2,score,5788.721,205,sad,Drama,0,20-Feb-19,2/20/19,https://www.metopera.org/smart-seat/?performanceNumber=15248#/,Don Giovanni
Don_Giovanni8,Don_Giovanni8,Don Giovanni,Italian,Mozart,Thursday,14,2019,4,score,6558.963,205,sad,Drama,0,4-Apr-19,4/4/19,https://www.metopera.org/smart-seat/?performanceNumber=15249#/,Don Giovanni
Don_Giovanni9,Don_Giovanni9,Don Giovanni,Italian,Mozart,Tuesday,15,2019,4,score,6713.104,205,sad,Drama,0,9-Apr-19,4/9/19,https://www.metopera.org/smart-seat/?performanceNumber=15250#/,Don Giovanni
Don_Giovanni10,Don_Giovanni10,Don Giovanni,Italian,Mozart,Friday,15,2019,4,score,6382.705,205,sad,Drama,0,12-Apr-19,4/12/19,https://www.metopera.org/smart-seat/?performanceNumber=15251#/,Don Giovanni
Don_Giovanni11,Don_Giovanni11,Don Giovanni,Italian,Mozart,Monday,16,2019,4,score,6716.821,205,sad,Drama,0,15-Apr-19,4/15/19,https://www.metopera.org/smart-seat/?performanceNumber=15252#/,Don Giovanni
Don_Giovanni12,Don_Giovanni12,Don Giovanni,Italian,Mozart,Thursday,16,2019,4,score,6664.528,205,sad,Drama,0,18-Apr-19,4/18/19,https://www.metopera.org/smart-seat/?performanceNumber=15253#/,Don Giovanni
Falstaff1,Falstaff1,Falstaff,Italian,Verdi,Friday,8,2019,2,score,5806.412,156,happy,Comedy,0,22-Feb-19,2/22/19,https://www.metopera.org/smart-seat/?performanceNumber=15206#/,Falstaff
Falstaff2,Falstaff2,Falstaff,Italian,Verdi,Wednesday,9,2019,2,score,5565.705,156,happy,Comedy,0,27-Feb-19,2/27/19,https://www.metopera.org/smart-seat/?performanceNumber=15207#/,Falstaff
Falstaff3,Falstaff3,Falstaff,Italian,Verdi,Saturday,9,2019,3,score,5567.324,156,happy,Comedy,0,2-Mar-19,3/2/19,https://www.metopera.org/smart-seat/?performanceNumber=15208#/,Falstaff
Falstaff4,Falstaff4,Falstaff,Italian,Verdi,Tuesday,10,2019,3,score,5819.89,156,happy,Comedy,0,5-Mar-19,3/5/19,https://www.metopera.org/smart-seat/?performanceNumber=15209#/,Falstaff
Falstaff5,Falstaff5,Falstaff,Italian,Verdi,Friday,10,2019,3,score,5972.152,156,happy,Comedy,0,8-Mar-19,3/8/19,https://www.metopera.org/smart-seat/?performanceNumber=15210#/,Falstaff
Falstaff6,Falstaff6,Falstaff,Italian,Verdi,Tuesday,11,2019,3,score,6029.364,156,happy,Comedy,0,12-Mar-19,3/12/19,https://www.metopera.org/smart-seat/?performanceNumber=15211#/,Falstaff
Falstaff7,Falstaff7,Falstaff,Italian,Verdi,Saturday,11,2019,3,score,5925.342,156,happy,Comedy,0,16-Mar-19,3/16/19,https://www.metopera.org/smart-seat/?performanceNumber=15212#/,Falstaff
Götterdämmerung1,Götterdämmerung1,Götterdämmerung,German,Wagner,Saturday,18,2019,5,score,8255.579,332,sad,Fantasy,0,4-May-19,5/4/19,https://www.metopera.org/season/tickets/the-ring-cycle/ring-cycle/,Götterdämmerung
Götterdämmerung2,Götterdämmerung2,Götterdämmerung,German,Wagner,Saturday,19,2019,5,score,8258.58,332,sad,Fantasy,0,11-May-19,5/11/19,https://www.metopera.org/season/tickets/the-ring-cycle/ring-cycle/,Götterdämmerung
Iolanta1,Iolanta1,Iolanta,Russian,Tchaikovsky,Thursday,4,2019,1,score,7766.071,202,happy,Fantasy,0,24-Jan-19,1/24/19,https://www.metopera.org/smart-seat/?performanceNumber=15165#/,Iolanta and Bartok's Bluebeard's Castle
Iolanta2,Iolanta2,Iolanta,Russian,Tchaikovsky,Monday,5,2019,1,score,7722.809,202,happy,Fantasy,0,28-Jan-19,1/28/19,https://www.metopera.org/smart-seat/?performanceNumber=15166#/,Iolanta and Bartok's Bluebeard's Castle
Iolanta3,Iolanta3,Iolanta,Russian,Tchaikovsky,Friday,5,2019,2,score,7814.529,202,happy,Fantasy,0,1-Feb-19,2/1/19,https://www.metopera.org/smart-seat/?performanceNumber=15167#/,Iolanta and Bartok's Bluebeard's Castle
Iolanta4,Iolanta4,Iolanta,Russian,Tchaikovsky,Monday,6,2019,2,score,7785.076,202,happy,Fantasy,0,4-Feb-19,2/4/19,https://www.metopera.org/smart-seat/?performanceNumber=15168#/,Iolanta and Bartok's Bluebeard's Castle
Iolanta5,Iolanta5,Iolanta,Russian,Tchaikovsky,Saturday,6,2019,2,score,7982.553,202,happy,Fantasy,0,9-Feb-19,2/9/19,https://www.metopera.org/smart-seat/?performanceNumber=15169#/,Iolanta and Bartok's Bluebeard's Castle
Iolanta6,Iolanta6,Iolanta,Russian,Tchaikovsky,Thursday,7,2019,2,score,7813.402,202,happy,Fantasy,0,14-Feb-19,2/14/19,https://www.metopera.org/smart-seat/?performanceNumber=15170#/,Iolanta and Bartok's Bluebeard's Castle
La_Bohème1,La_Bohème1,La Bohème,Italian,Puccini,Tuesday,39,2018,9,score,4400.749,176,sad,Drama,0,25-Sep-18,9/25/18,https://www.metopera.org/smart-seat/?performanceNumber=15174#/,La Bohème
La_Bohème10,La_Bohème10,La Bohème,Italian,Puccini,Monday,50,2018,12,score,5056.095,176,sad,Drama,0,10-Dec-18,12/10/18,https://www.metopera.org/smart-seat/?performanceNumber=15183#/,La Bohème
La_Bohème11,La_Bohème11,La Bohème,Italian,Puccini,Thursday,50,2018,12,score,5101.847,176,sad,Drama,0,13-Dec-18,12/13/18,https://www.metopera.org/smart-seat/?performanceNumber=15184#/,La Bohème
La_Bohème2,La_Bohème2,La Bohème,Italian,Puccini,Saturday,39,2018,9,score,4647,176,sad,Drama,0,29-Sep-18,9/29/18,https://www.metopera.org/smart-seat/?performanceNumber=15175#/,La Bohème
La_Bohème3,La_Bohème3,La Bohème,Italian,Puccini,Wednesday,40,2018,10,score,5507.834,176,sad,Drama,0,3-Oct-18,10/3/18,https://www.metopera.org/smart-seat/?performanceNumber=15176#/,La Bohème
La_Bohème4,La_Bohème4,La Bohème,Italian,Puccini,Saturday,40,2018,10,score,5348.318,176,sad,Drama,0,6-Oct-18,10/6/18,https://www.metopera.org/smart-seat/?performanceNumber=15177#/,La Bohème
La_Bohème5,La_Bohème5,La Bohème,Italian,Puccini,Wednesday,41,2018,10,score,5637.636,176,sad,Drama,0,10-Oct-18,10/10/18,https://www.metopera.org/smart-seat/?performanceNumber=15178#/,La Bohème
La_Bohème6,La_Bohème6,La Bohème,Italian,Puccini,Saturday,41,2018,10,score,5556.13,176,sad,Drama,0,13-Oct-18,10/13/18,https://www.metopera.org/smart-seat/?performanceNumber=15179#/,La Bohème
La_Bohème7,La_Bohème7,La Bohème,Italian,Puccini,Thursday,48,2018,11,score,4935.778,176,sad,Drama,0,29-Nov-18,11/29/18,https://www.metopera.org/smart-seat/?performanceNumber=15180#/,La Bohème
La_Bohème8,La_Bohème8,La Bohème,Italian,Puccini,Monday,49,2018,12,score,5006.064,176,sad,Drama,0,3-Dec-18,12/3/18,https://www.metopera.org/smart-seat/?performanceNumber=15181#/,La Bohème
La_Bohème9,La_Bohème9,La Bohème,Italian,Puccini,Thursday,49,2018,12,score,5017.305,176,sad,Drama,0,6-Dec-18,12/6/18,https://www.metopera.org/smart-seat/?performanceNumber=15182#/,La Bohème
La_Clemenza_di_Tito1,La_Clemenza_di_Tito1,La Clemenza di Tito,Italian,Mozart,Saturday,13,2019,3,score,5503.332,172,happy,Drama,0,30-Mar-19,3/30/19,https://www.metopera.org/smart-seat/?performanceNumber=15343#/,La Clemenza di Tito
La_Clemenza_di_Tito2,La_Clemenza_di_Tito2,La Clemenza di Tito,Italian,Mozart,Wednesday,14,2019,4,score,5565.069,172,happy,Drama,0,3-Apr-19,4/3/19,https://www.metopera.org/smart-seat/?performanceNumber=15344#/,La Clemenza di Tito
La_Clemenza_di_Tito3,La_Clemenza_di_Tito3,La Clemenza di Tito,Italian,Mozart,Saturday,14,2019,4,score,5434.13,172,happy,Drama,0,6-Apr-19,4/6/19,https://www.metopera.org/smart-seat/?performanceNumber=15345#/,La Clemenza di Tito
La_Clemenza_di_Tito4,La_Clemenza_di_Tito4,La Clemenza di Tito,Italian,Mozart,Thursday,15,2019,4,score,5437.7,172,happy,Drama,0,11-Apr-19,4/11/19,https://www.metopera.org/smart-seat/?performanceNumber=15346#/,La Clemenza di Tito
La_Clemenza_di_Tito5,La_Clemenza_di_Tito5,La Clemenza di Tito,Italian,Mozart,Tuesday,16,2019,4,score,5469.043,172,happy,Drama,0,16-Apr-19,4/16/19,https://www.metopera.org/smart-seat/?performanceNumber=15347#/,La Clemenza di Tito
La_Clemenza_di_Tito6,La_Clemenza_di_Tito6,La Clemenza di Tito,Italian,Mozart,Saturday,16,2019,4,score,5457.16,172,happy,Drama,0,20-Apr-19,4/20/19,https://www.metopera.org/smart-seat/?performanceNumber=15348#/,La Clemenza di Tito
La_fanciulla_del_West1,La_fanciulla_del_West1,La fanciulla del West,Italian,Puccini,Thursday,40,2018,10,score,4940.641,202,sad,Drama,0,4-Oct-18,10/4/18,https://www.metopera.org/smart-seat/?performanceNumber=15214#/,La fancuilla del West
La_fanciulla_del_West2,La_fanciulla_del_West2,La fanciulla del West,Italian,Puccini,Monday,41,2018,10,score,5273.304,202,sad,Drama,0,8-Oct-18,10/8/18,https://www.metopera.org/smart-seat/?performanceNumber=15215#/,La fancuilla del West
La_fanciulla_del_West3,La_fanciulla_del_West3,La fanciulla del West,Italian,Puccini,Friday,41,2018,10,score,5098.426,202,sad,Drama,0,12-Oct-18,10/12/18,https://www.metopera.org/smart-seat/?performanceNumber=15216#/,La fancuilla del West
La_fanciulla_del_West4,La_fanciulla_del_West4,La fanciulla del West,Italian,Puccini,Wednesday,42,2018,10,score,5146.908,202,sad,Drama,0,17-Oct-18,10/17/18,https://www.metopera.org/smart-seat/?performanceNumber=15217#/,La fancuilla del West
La_fanciulla_del_West5,La_fanciulla_del_West5,La fanciulla del West,Italian,Puccini,Saturday,42,2018,10,score,4800.154,202,sad,Drama,0,20-Oct-18,10/20/18,https://www.metopera.org/smart-seat/?performanceNumber=15218#/,La fancuilla del West
La_fanciulla_del_West6,La_fanciulla_del_West6,La fanciulla del West,Italian,Puccini,Tuesday,43,2018,10,score,4700.963,202,sad,Drama,0,23-Oct-18,10/23/18,https://www.metopera.org/smart-seat/?performanceNumber=15219#/,La fancuilla del West
La_fanciulla_del_West7,La_fanciulla_del_West7,La fanciulla del West,Italian,Puccini,Saturday,43,2018,10,score,5150.896,202,sad,Drama,0,27-Oct-18,10/27/18,https://www.metopera.org/smart-seat/?performanceNumber=15220#/,La fancuilla del West
La_Fille_du_régiment1,La_Fille_du_régiment1,La Fille du régiment,French,Donizetti,Thursday,6,2019,2,score,5633.976,155,happy,Comedy,1,7-Feb-19,2/7/19,https://www.metopera.org/smart-seat/?performanceNumber=15224#/,La Fille du régiment
La_Fille_du_régiment2,La_Fille_du_régiment2,La Fille du régiment,French,Donizetti,Monday,7,2019,2,score,5454.156,155,happy,Comedy,1,11-Feb-19,2/11/19,https://www.metopera.org/smart-seat/?performanceNumber=15225#/,La Fille du régiment
La_Fille_du_régiment3,La_Fille_du_régiment3,La Fille du régiment,French,Donizetti,Friday,7,2019,2,score,5504.012,155,happy,Comedy,1,15-Feb-19,2/15/19,https://www.metopera.org/smart-seat/?performanceNumber=15226#/,La Fille du régiment
La_Fille_du_régiment4,La_Fille_du_régiment4,La Fille du régiment,French,Donizetti,Monday,8,2019,2,score,5468.01,155,happy,Comedy,1,18-Feb-19,2/18/19,https://www.metopera.org/smart-seat/?performanceNumber=15227#/,La Fille du régiment
La_Fille_du_régiment5,La_Fille_du_régiment5,La Fille du régiment,French,Donizetti,Saturday,8,2019,2,score,5359.005,155,happy,Comedy,1,23-Feb-19,2/23/19,https://www.metopera.org/smart-seat/?performanceNumber=15228#/,La Fille du régiment
La_Fille_du_régiment6,La_Fille_du_régiment6,La Fille du régiment,French,Donizetti,Tuesday,9,2019,2,score,5565.202,155,happy,Comedy,1,26-Feb-19,2/26/19,https://www.metopera.org/smart-seat/?performanceNumber=15229#/,La Fille du régiment
La_Fille_du_régiment7,La_Fille_du_régiment7,La Fille du régiment,French,Donizetti,Saturday,9,2019,3,score,5452.607,155,happy,Comedy,1,2-Mar-19,3/2/19,https://www.metopera.org/smart-seat/?performanceNumber=15230#/,La Fille du régiment
La_Traviata1,La_Traviata1,La Traviata,Italian,Verdi,Tuesday,49,2018,12,score,5355.96,187,sad,Drama,0,4-Dec-18,12/4/18,https://www.metopera.org/smart-seat/?performanceNumber=15364#/,La Traviata
La_Traviata10,La_Traviata10,La Traviata,Italian,Verdi,Wednesday,15,2019,4,score,5362.65,187,sad,Drama,0,10-Apr-19,4/10/19,https://www.metopera.org/smart-seat/?performanceNumber=15373#/,La Traviata
La_Traviata11,La_Traviata11,La Traviata,Italian,Verdi,Saturday,15,2019,4,score,5112.604,187,sad,Drama,0,13-Apr-19,4/13/19,https://www.metopera.org/smart-seat/?performanceNumber=15374#/,La Traviata
La_Traviata12,La_Traviata12,La Traviata,Italian,Verdi,Wednesday,16,2019,4,score,5385.574,187,sad,Drama,0,17-Apr-19,4/17/19,https://www.metopera.org/smart-seat/?performanceNumber=15375#/,La Traviata
La_Traviata13,La_Traviata13,La Traviata,Italian,Verdi,Saturday,16,2019,4,score,5127.001,187,sad,Drama,0,20-Apr-19,4/20/19,https://www.metopera.org/smart-seat/?performanceNumber=15376#/,La Traviata
La_Traviata14,La_Traviata14,La Traviata,Italian,Verdi,Wednesday,17,2019,4,score,5391.822,187,sad,Drama,0,24-Apr-19,4/24/19,https://www.metopera.org/smart-seat/?performanceNumber=15377#/,La Traviata
La_Traviata15,La_Traviata15,La Traviata,Italian,Verdi,Saturday,17,2019,4,score,5242.249,187,sad,Drama,0,27-Apr-19,4/27/19,https://www.metopera.org/smart-seat/?performanceNumber=15378#/,La Traviata
La_Traviata2,La_Traviata2,La Traviata,Italian,Verdi,Friday,49,2018,12,score,5645.881,187,sad,Drama,0,7-Dec-18,12/7/18,https://www.metopera.org/smart-seat/?performanceNumber=15365#/,La Traviata
La_Traviata3,La_Traviata3,La Traviata,Italian,Verdi,Tuesday,50,2018,12,score,5401.681,187,sad,Drama,0,11-Dec-18,12/11/18,https://www.metopera.org/smart-seat/?performanceNumber=15366#/,La Traviata
La_Traviata4,La_Traviata4,La Traviata,Italian,Verdi,Saturday,50,2018,12,score,5342.286,187,sad,Drama,0,15-Dec-18,12/15/18,https://www.metopera.org/smart-seat/?performanceNumber=15367#/,La Traviata
La_Traviata5,La_Traviata5,La Traviata,Italian,Verdi,Tuesday,51,2018,12,score,5553.947,187,sad,Drama,0,18-Dec-18,12/18/18,https://www.metopera.org/smart-seat/?performanceNumber=15368#/,La Traviata
La_Traviata6,La_Traviata6,La Traviata,Italian,Verdi,Saturday,51,2018,12,score,5348.367,187,sad,Drama,0,22-Dec-18,12/22/18,https://www.metopera.org/smart-seat/?performanceNumber=15369#/,La Traviata
La_Traviata7,La_Traviata7,La Traviata,Italian,Verdi,Wednesday,52,2018,12,score,5439.876,187,sad,Drama,0,26-Dec-18,12/26/18,https://www.metopera.org/smart-seat/?performanceNumber=15370#/,La Traviata
La_Traviata8,La_Traviata8,La Traviata,Italian,Verdi,Saturday,52,2018,12,score,5395.75,187,sad,Drama,0,29-Dec-18,12/29/18,https://www.metopera.org/smart-seat/?performanceNumber=15371#/,La Traviata
La_Traviata9,La_Traviata9,La Traviata,Italian,Verdi,Friday,14,2019,4,score,5552.38,187,sad,Drama,0,5-Apr-19,4/5/19,https://www.metopera.org/smart-seat/?performanceNumber=15372#/,La Traviata
Les_(The_Pearl_Fishers)_Pêcheurs_de_perles1,Les_(The_Pearl_Fishers)_Pêcheurs_de_perles1,Les (The Pearl Fishers) Pêcheurs de perles,French,Bizet,Wednesday,46,2018,11,score,6279.675,147,sad,Drama,0,14-Nov-18,11/14/18,https://www.metopera.org/smart-seat/?performanceNumber=15292#/,Les Pêcheurs de perles (The Pearl Fishers)
Les_(The_Pearl_Fishers)_Pêcheurs_de_perles2,Les_(The_Pearl_Fishers)_Pêcheurs_de_perles2,Les (The Pearl Fishers) Pêcheurs de perles,French,Bizet,Saturday,46,2018,11,score,6105.528,147,sad,Drama,0,17-Nov-18,11/17/18,https://www.metopera.org/smart-seat/?performanceNumber=15293#/,Les Pêcheurs de perles (The Pearl Fishers)
Les_(The_Pearl_Fishers)_Pêcheurs_de_perles3,Les_(The_Pearl_Fishers)_Pêcheurs_de_perles3,Les (The Pearl Fishers) Pêcheurs de perles,French,Bizet,Tuesday,47,2018,11,score,6364.126,147,sad,Drama,0,20-Nov-18,11/20/18,https://www.metopera.org/smart-seat/?performanceNumber=15294#/,Les Pêcheurs de perles (The Pearl Fishers)
Les_(The_Pearl_Fishers)_Pêcheurs_de_perles4,Les_(The_Pearl_Fishers)_Pêcheurs_de_perles4,Les (The Pearl Fishers) Pêcheurs de perles,French,Bizet,Saturday,47,2018,11,score,6140.251,147,sad,Drama,0,24-Nov-18,11/24/18,https://www.metopera.org/smart-seat/?performanceNumber=15295#/,Les Pêcheurs de perles (The Pearl Fishers)
Les_(The_Pearl_Fishers)_Pêcheurs_de_perles5,Les_(The_Pearl_Fishers)_Pêcheurs_de_perles5,Les (The Pearl Fishers) Pêcheurs de perles,French,Bizet,Wednesday,48,2018,11,score,6300.677,147,sad,Drama,0,28-Nov-18,11/28/18,https://www.metopera.org/smart-seat/?performanceNumber=15296#/,Les Pêcheurs de perles (The Pearl Fishers)
Les_(The_Pearl_Fishers)_Pêcheurs_de_perles6,Les_(The_Pearl_Fishers)_Pêcheurs_de_perles6,Les (The Pearl Fishers) Pêcheurs de perles,French,Bizet,Saturday,48,2018,12,score,6312.081,147,sad,Drama,0,1-Dec-18,12/1/18,https://www.metopera.org/smart-seat/?performanceNumber=15297#/,Les Pêcheurs de perles (The Pearl Fishers)
Les_(The_Pearl_Fishers)_Pêcheurs_de_perles7,Les_(The_Pearl_Fishers)_Pêcheurs_de_perles7,Les (The Pearl Fishers) Pêcheurs de perles,French,Bizet,Saturday,49,2018,12,score,6318.373,147,sad,Drama,0,8-Dec-18,12/8/18,https://www.metopera.org/smart-seat/?performanceNumber=15298#/,Les Pêcheurs de perles (The Pearl Fishers)
Marnie1,Marnie1,Marnie,English,Muhly,Friday,42,2018,10,score,6241.793,172,sad,Drama,0,19-Oct-18,10/19/18,https://www.metopera.org/smart-seat/?performanceNumber=15271#/,Marnie
Marnie2,Marnie2,Marnie,English,Muhly,Monday,43,2018,10,score,6138.332,172,sad,Drama,0,22-Oct-18,10/22/18,https://www.metopera.org/smart-seat/?performanceNumber=15272#/,Marnie
Marnie3,Marnie3,Marnie,English,Muhly,Saturday,43,2018,10,score,6228.042,172,sad,Drama,0,27-Oct-18,10/27/18,https://www.metopera.org/smart-seat/?performanceNumber=15273#/,Marnie
Marnie4,Marnie4,Marnie,English,Muhly,Wednesday,44,2018,10,score,6227.772,172,sad,Drama,0,31-Oct-18,10/31/18,https://www.metopera.org/smart-seat/?performanceNumber=15274#/,Marnie
Marnie5,Marnie5,Marnie,English,Muhly,Saturday,44,2018,11,score,6166.588,172,sad,Drama,0,3-Nov-18,11/3/18,https://www.metopera.org/smart-seat/?performanceNumber=15275#/,Marnie
Marnie6,Marnie6,Marnie,English,Muhly,Wednesday,45,2018,11,score,6272.554,172,sad,Drama,0,7-Nov-18,11/7/18,https://www.metopera.org/smart-seat/?performanceNumber=15276#/,Marnie
Marnie7,Marnie7,Marnie,English,Muhly,Saturday,45,2018,11,score,6212.338,172,sad,Drama,0,10-Nov-18,11/10/18,https://www.metopera.org/smart-seat/?performanceNumber=15277#/,Marnie
Mefistofele1,Mefistofele1,Mefistofele,Italian,Boito,Thursday,45,2018,11,score,4930.705,209,sad,Drama,0,8-Nov-18,11/8/18,https://www.metopera.org/smart-seat/?performanceNumber=15391#/,Mefistofele
Mefistofele2,Mefistofele2,Mefistofele,Italian,Boito,Monday,46,2018,11,score,5035.17,209,sad,Drama,0,12-Nov-18,11/12/18,https://www.metopera.org/smart-seat/?performanceNumber=15392#/,Mefistofele
Mefistofele3,Mefistofele3,Mefistofele,Italian,Boito,Friday,46,2018,11,score,5140.78,209,sad,Drama,0,16-Nov-18,11/16/18,https://www.metopera.org/smart-seat/?performanceNumber=15393#/,Mefistofele
Mefistofele4,Mefistofele4,Mefistofele,Italian,Boito,Monday,47,2018,11,score,5065.199,209,sad,Drama,0,19-Nov-18,11/19/18,https://www.metopera.org/smart-seat/?performanceNumber=15394#/,Mefistofele
Mefistofele5,Mefistofele5,Mefistofele,Italian,Boito,Saturday,47,2018,11,score,5033.585,209,sad,Drama,0,24-Nov-18,11/24/18,https://www.metopera.org/smart-seat/?performanceNumber=15395#/,Mefistofele
Mefistofele6,Mefistofele6,Mefistofele,Italian,Boito,Tuesday,48,2018,11,score,5028.769,209,sad,Drama,0,27-Nov-18,11/27/18,https://www.metopera.org/smart-seat/?performanceNumber=15396#/,Mefistofele
Mefistofele7,Mefistofele7,Mefistofele,Italian,Boito,Saturday,48,2018,12,score,5170.607,209,sad,Drama,0,1-Dec-18,12/1/18,https://www.metopera.org/smart-seat/?performanceNumber=15397#/,Mefistofele
Otello1,Otello1,Otello,Italian,Verdi,Friday,50,2018,12,score,5108.477,175,sad,Drama,0,14-Dec-18,12/14/18,https://www.metopera.org/smart-seat/?performanceNumber=15280#/,Otello
Otello2,Otello2,Otello,Italian,Verdi,Monday,51,2018,12,score,5154.35,175,sad,Drama,0,17-Dec-18,12/17/18,https://www.metopera.org/smart-seat/?performanceNumber=15281#/,Otello
Otello3,Otello3,Otello,Italian,Verdi,Friday,51,2018,12,score,5171.599,175,sad,Drama,0,21-Dec-18,12/21/18,https://www.metopera.org/smart-seat/?performanceNumber=15282#/,Otello
Otello4,Otello4,Otello,Italian,Verdi,Friday,52,2018,12,score,5292.471,175,sad,Drama,0,28-Dec-18,12/28/18,https://www.metopera.org/smart-seat/?performanceNumber=15283#/,Otello
Otello5,Otello5,Otello,Italian,Verdi,Wednesday,1,2019,1,score,5349.309,175,sad,Drama,0,2-Jan-19,1/2/19,https://www.metopera.org/smart-seat/?performanceNumber=15284#/,Otello
Otello6,Otello6,Otello,Italian,Verdi,Saturday,1,2019,1,score,5301.077,175,sad,Drama,0,5-Jan-19,1/5/19,https://www.metopera.org/smart-seat/?performanceNumber=15285#/,Otello
Otello7,Otello7,Otello,Italian,Verdi,Thursday,2,2019,1,score,5368.141,175,sad,Drama,0,10-Jan-19,1/10/19,https://www.metopera.org/smart-seat/?performanceNumber=15286#/,Otello
Pelléas_et_Mélisande1,Pelléas_et_Mélisande1,Pelléas et Mélisande,French,Debussy,Tuesday,3,2019,1,score,5079.479,235,sad,Drama,0,15-Jan-19,1/15/19,https://www.metopera.org/smart-seat/?performanceNumber=15300#/,Pelléas et Mélisande
Pelléas_et_Mélisande2,Pelléas_et_Mélisande2,Pelléas et Mélisande,French,Debussy,Saturday,3,2019,1,score,5302.441,235,sad,Drama,0,19-Jan-19,1/19/19,https://www.metopera.org/smart-seat/?performanceNumber=15300#/,Pelléas et Mélisande
Pelléas_et_Mélisande3,Pelléas_et_Mélisande3,Pelléas et Mélisande,French,Debussy,Tuesday,4,2019,1,score,5313.833,235,sad,Drama,0,22-Jan-19,1/22/19,https://www.metopera.org/smart-seat/?performanceNumber=15300#/,Pelléas et Mélisande
Pelléas_et_Mélisande4,Pelléas_et_Mélisande4,Pelléas et Mélisande,French,Debussy,Friday,4,2019,1,score,4968.051,235,sad,Drama,0,25-Jan-19,1/25/19,https://www.metopera.org/smart-seat/?performanceNumber=15300#/,Pelléas et Mélisande
Pelléas_et_Mélisande5,Pelléas_et_Mélisande5,Pelléas et Mélisande,French,Debussy,Thursday,5,2019,1,score,5010.461,235,sad,Drama,0,31-Jan-19,1/31/19,https://www.metopera.org/smart-seat/?performanceNumber=15300#/,Pelléas et Mélisande
Rigoletto1,Rigoletto1,Rigoletto,Italian,Verdi,Tuesday,7,2019,2,score,5672.433,191,sad,Drama,0,12-Feb-19,2/12/19,https://www.metopera.org/smart-seat/?performanceNumber=15319#/,Rigoletto
Rigoletto10,Rigoletto10,Rigoletto,Italian,Verdi,Friday,17,2019,4,score,5698.108,191,sad,Drama,0,26-Apr-19,4/26/19,https://www.metopera.org/smart-seat/?performanceNumber=15328#/,Rigoletto
Rigoletto11,Rigoletto11,Rigoletto,Italian,Verdi,Wednesday,18,2019,5,score,5749.969,191,sad,Drama,0,1-May-19,5/1/19,https://www.metopera.org/smart-seat/?performanceNumber=15329#/,Rigoletto
Rigoletto12,Rigoletto12,Rigoletto,Italian,Verdi,Saturday,18,2019,5,score,5606.086,191,sad,Drama,0,4-May-19,5/4/19,https://www.metopera.org/smart-seat/?performanceNumber=15330#/,Rigoletto
Rigoletto13,Rigoletto13,Rigoletto,Italian,Verdi,Friday,19,2019,5,score,5840.409,191,sad,Drama,0,10-May-19,5/10/19,https://www.metopera.org/smart-seat/?performanceNumber=15331#/,Rigoletto
Rigoletto2,Rigoletto2,Rigoletto,Italian,Verdi,Saturday,7,2019,2,score,5681.391,191,sad,Drama,0,16-Feb-19,2/16/19,https://www.metopera.org/smart-seat/?performanceNumber=15320#/,Rigoletto
Rigoletto3,Rigoletto3,Rigoletto,Italian,Verdi,Tuesday,8,2019,2,score,5769.032,191,sad,Drama,0,19-Feb-19,2/19/19,https://www.metopera.org/smart-seat/?performanceNumber=15321#/,Rigoletto
Rigoletto4,Rigoletto4,Rigoletto,Italian,Verdi,Saturday,8,2019,2,score,5862.229,191,sad,Drama,0,23-Feb-19,2/23/19,https://www.metopera.org/smart-seat/?performanceNumber=15322#/,Rigoletto
Rigoletto5,Rigoletto5,Rigoletto,Italian,Verdi,Friday,9,2019,3,score,5010.959,191,sad,Drama,0,1-Mar-19,3/1/19,https://www.metopera.org/smart-seat/?performanceNumber=15323#/,Rigoletto
Rigoletto6,Rigoletto6,Rigoletto,Italian,Verdi,Wednesday,10,2019,3,score,5759.515,191,sad,Drama,0,6-Mar-19,3/6/19,https://www.metopera.org/smart-seat/?performanceNumber=15324#/,Rigoletto
Rigoletto7,Rigoletto7,Rigoletto,Italian,Verdi,Saturday,10,2019,3,score,4981.641,191,sad,Drama,0,9-Mar-19,3/9/19,https://www.metopera.org/smart-seat/?performanceNumber=15325#/,Rigoletto
Rigoletto8,Rigoletto8,Rigoletto,Italian,Verdi,Friday,11,2019,3,score,5198.07,191,sad,Drama,0,15-Mar-19,3/15/19,https://www.metopera.org/smart-seat/?performanceNumber=15326#/,Rigoletto
Rigoletto9,Rigoletto9,Rigoletto,Italian,Verdi,Wednesday,12,2019,3,score,5298.853,191,sad,Drama,0,20-Mar-19,3/20/19,https://www.metopera.org/smart-seat/?performanceNumber=15327#/,Rigoletto
Samson_et_Dalila1,Samson_et_Dalila1,Samson et Dalila,French,Saint-Saëns,Monday,39,2018,9,score,5894.05,200,sad,Drama,0,24-Sep-18,9/24/18,https://www.metopera.org/smart-seat/?performanceNumber=15325#/,Samson et Dalila
Samson_et_Dalila10,Samson_et_Dalila10,Samson et Dalila,French,Saint-Saëns,Saturday,11,2019,3,score,5746.537,200,sad,Drama,0,16-Mar-19,3/16/19,https://www.metopera.org/smart-seat/?performanceNumber=15334#/,Samson et Dalila
Samson_et_Dalila11,Samson_et_Dalila11,Samson et Dalila,French,Saint-Saëns,Tuesday,12,2019,3,score,5947.801,200,sad,Drama,0,19-Mar-19,3/19/19,https://www.metopera.org/smart-seat/?performanceNumber=15335#/,Samson et Dalila
Samson_et_Dalila12,Samson_et_Dalila12,Samson et Dalila,French,Saint-Saëns,Saturday,12,2019,3,score,5842.115,200,sad,Drama,0,23-Mar-19,3/23/19,https://www.metopera.org/smart-seat/?performanceNumber=15336#/,Samson et Dalila
Samson_et_Dalila13,Samson_et_Dalila13,Samson et Dalila,French,Saint-Saëns,Thursday,13,2019,3,score,5936.125,200,sad,Drama,0,28-Mar-19,3/28/19,https://www.metopera.org/smart-seat/?performanceNumber=15337#/,Samson et Dalila
Samson_et_Dalila2,Samson_et_Dalila2,Samson et Dalila,French,Saint-Saëns,Friday,39,2018,9,score,5978.774,200,sad,Drama,0,28-Sep-18,9/28/18,https://www.metopera.org/smart-seat/?performanceNumber=15326#/,Samson et Dalila
Samson_et_Dalila3,Samson_et_Dalila3,Samson et Dalila,French,Saint-Saëns,Monday,40,2018,10,score,5894.473,200,sad,Drama,0,1-Oct-18,10/1/18,https://www.metopera.org/smart-seat/?performanceNumber=15327#/,Samson et Dalila
Samson_et_Dalila4,Samson_et_Dalila4,Samson et Dalila,French,Saint-Saëns,Friday,40,2018,10,score,5979.327,200,sad,Drama,0,5-Oct-18,10/5/18,https://www.metopera.org/smart-seat/?performanceNumber=15328#/,Samson et Dalila
Samson_et_Dalila5,Samson_et_Dalila5,Samson et Dalila,French,Saint-Saëns,Tuesday,41,2018,10,score,5976.249,200,sad,Drama,0,9-Oct-18,10/9/18,https://www.metopera.org/smart-seat/?performanceNumber=15329#/,Samson et Dalila
Samson_et_Dalila6,Samson_et_Dalila6,Samson et Dalila,French,Saint-Saëns,Saturday,41,2018,10,score,5946.339,200,sad,Drama,0,13-Oct-18,10/13/18,https://www.metopera.org/smart-seat/?performanceNumber=15330#/,Samson et Dalila
Samson_et_Dalila7,Samson_et_Dalila7,Samson et Dalila,French,Saint-Saëns,Tuesday,42,2018,10,score,6094.601,200,sad,Drama,0,16-Oct-18,10/16/18,https://www.metopera.org/smart-seat/?performanceNumber=15331#/,Samson et Dalila
Samson_et_Dalila8,Samson_et_Dalila8,Samson et Dalila,French,Saint-Saëns,Saturday,42,2018,10,score,6052.235,200,sad,Drama,0,20-Oct-18,10/20/18,https://www.metopera.org/smart-seat/?performanceNumber=15332#/,Samson et Dalila
Samson_et_Dalila9,Samson_et_Dalila9,Samson et Dalila,French,Saint-Saëns,Wednesday,11,2019,3,score,5730.369,200,sad,Drama,0,13-Mar-19,3/13/19,https://www.metopera.org/smart-seat/?performanceNumber=15333#/,Samson et Dalila
Siegfried1,Siegfried1,Siegfried,German,Wagner,Thursday,18,2019,5,score,7591.34,306,happy,Fantasy,0,2-May-19,5/2/19,https://www.metopera.org/season/tickets/the-ring-cycle/ring-cycle/,Siegfried
Siegfried2,Siegfried2,Siegfried,German,Wagner,Thursday,19,2019,5,score,7599.584,306,happy,Fantasy,0,9-May-19,5/9/19,https://www.metopera.org/season/tickets/the-ring-cycle/ring-cycle/,Siegfried
Suor_Angelica1,Suor_Angelica1,Suor Angelica,Italian,Puccini,Friday,47,2018,11,score,4682.268,226,sad,Drama,0,23-Nov-18,11/23/18,https://www.metopera.org/smart-seat/?performanceNumber=15157#/,Il Trittico
Suor_Angelica2,Suor_Angelica2,Suor Angelica,Italian,Puccini,Monday,48,2018,11,score,4700.533,226,sad,Drama,0,26-Nov-18,11/26/18,https://www.metopera.org/smart-seat/?performanceNumber=15158#/,Il Trittico
Suor_Angelica3,Suor_Angelica3,Suor Angelica,Italian,Puccini,Friday,48,2018,11,score,4763.437,226,sad,Drama,0,30-Nov-18,11/30/18,https://www.metopera.org/smart-seat/?performanceNumber=15159#/,Il Trittico
Suor_Angelica4,Suor_Angelica4,Suor Angelica,Italian,Puccini,Wednesday,49,2018,12,score,4867.817,226,sad,Drama,0,5-Dec-18,12/5/18,https://www.metopera.org/smart-seat/?performanceNumber=15160#/,Il Trittico
Suor_Angelica5,Suor_Angelica5,Suor Angelica,Italian,Puccini,Saturday,49,2018,12,score,4818.498,226,sad,Drama,0,8-Dec-18,12/8/18,https://www.metopera.org/smart-seat/?performanceNumber=15161#/,Il Trittico
Suor_Angelica6,Suor_Angelica6,Suor Angelica,Italian,Puccini,Wednesday,50,2018,12,score,5081.903,226,sad,Drama,0,12-Dec-18,12/12/18,https://www.metopera.org/smart-seat/?performanceNumber=15162#/,Il Trittico
Suor_Angelica7,Suor_Angelica7,Suor Angelica,Italian,Puccini,Saturday,50,2018,12,score,4978.529,226,sad,Drama,0,15-Dec-18,12/15/18,https://www.metopera.org/smart-seat/?performanceNumber=15163#/,Il Trittico
Tosca1,Tosca1,Tosca,Italian,Puccini,Thursday,43,2018,10,score,4698.938,173,sad,Drama,0,25-Oct-18,10/25/18,https://www.metopera.org/smart-seat/?performanceNumber=15350#/,Tosca
Tosca10,Tosca10,Tosca,Italian,Puccini,Tuesday,13,2019,3,score,4235.904,173,sad,Drama,0,26-Mar-19,3/26/19,https://www.metopera.org/smart-seat/?performanceNumber=15359#/,Tosca
Tosca11,Tosca11,Tosca,Italian,Puccini,Friday,13,2019,3,score,4139.188,173,sad,Drama,0,29-Mar-19,3/29/19,https://www.metopera.org/smart-seat/?performanceNumber=15360#/,Tosca
Tosca12,Tosca12,Tosca,Italian,Puccini,Tuesday,14,2019,4,score,4245.652,173,sad,Drama,0,2-Apr-19,4/2/19,https://www.metopera.org/smart-seat/?performanceNumber=15361#/,Tosca
Tosca13,Tosca13,Tosca,Italian,Puccini,Saturday,14,2019,4,score,4361.496,173,sad,Drama,0,6-Apr-19,4/6/19,https://www.metopera.org/smart-seat/?performanceNumber=15362#/,Tosca
Tosca2,Tosca2,Tosca,Italian,Puccini,Monday,44,2018,10,score,4657.331,173,sad,Drama,0,29-Oct-18,10/29/18,https://www.metopera.org/smart-seat/?performanceNumber=15351#/,Tosca
Tosca3,Tosca3,Tosca,Italian,Puccini,Friday,44,2018,11,score,4601.932,173,sad,Drama,0,2-Nov-18,11/2/18,https://www.metopera.org/smart-seat/?performanceNumber=15352#/,Tosca
Tosca4,Tosca4,Tosca,Italian,Puccini,Monday,45,2018,11,score,4757.663,173,sad,Drama,0,5-Nov-18,11/5/18,https://www.metopera.org/smart-seat/?performanceNumber=15353#/,Tosca
Tosca5,Tosca5,Tosca,Italian,Puccini,Friday,45,2018,11,score,4606.494,173,sad,Drama,0,9-Nov-18,11/9/18,https://www.metopera.org/smart-seat/?performanceNumber=15354#/,Tosca
Tosca6,Tosca6,Tosca,Italian,Puccini,Tuesday,46,2018,11,score,4657.385,173,sad,Drama,0,13-Nov-18,11/13/18,https://www.metopera.org/smart-seat/?performanceNumber=15355#/,Tosca
Tosca7,Tosca7,Tosca,Italian,Puccini,Saturday,46,2018,11,score,4641.33,173,sad,Drama,0,17-Nov-18,11/17/18,https://www.metopera.org/smart-seat/?performanceNumber=15356#/,Tosca
Tosca8,Tosca8,Tosca,Italian,Puccini,Monday,12,2019,3,score,4443.648,173,sad,Drama,0,18-Mar-19,3/18/19,https://www.metopera.org/smart-seat/?performanceNumber=15357#/,Tosca
Tosca9,Tosca9,Tosca,Italian,Puccini,Saturday,12,2019,3,score,4351.43,173,sad,Drama,0,23-Mar-19,3/23/19,https://www.metopera.org/smart-seat/?performanceNumber=15358#/,Tosca