,opera,track,act,scene_type,track_popularity
329,Adriana Lecouvreur,Adriana Lecouvreur Il Principe di Bouillon,1.02,septet,0
331,Adriana Lecouvreur,Adriana Lecouvreur Eccoci soli alfin,1.06,recitative,0
335,Adriana Lecouvreur,Adriana Lecouvreur Ecco il monologo,1.12,aria,0
341,Adriana Lecouvreur,Adriana Lecouvreur Amore e fiamma,2.04,recitative,0
342,Adriana Lecouvreur,Adriana Lecouvreur Vi cogliam Conte sul fatto,2.05,recitative,0
343,Adriana Lecouvreur,Adriana Lecouvreur Eccovi alfin Divina,2.06,recitative,0
344,Adriana Lecouvreur,Adriana Lecouvreur Ma dunque e vero,2.07,recitative,0
345,Adriana Lecouvreur,Adriana Lecouvreur Signor Abate,2.08,recitative,0
346,Adriana Lecouvreur,Adriana Lecouvreur Adriana ascoltate,2.09,recitative,0
365,Adriana Lecouvreur,Adriana Lecouvreur Dio venite Adriana,4.12,recitative,0
544,Falstaff,Falstaff Pizzica pizzica,3.11-2 ,"recitative,ensemble",0
347,Adriana Lecouvreur,Adriana Lecouvreur Ebbene che granchio,2.10,recitative,0
351,Adriana Lecouvreur,Adriana Lecouvreur Voi Principessa,3.02,recitative,0
352,Adriana Lecouvreur,Adriana Lecouvreur Il Conte di Sassonia,3.04,sextet,0
357,Adriana Lecouvreur,Adriana Lecouvreur Giusto cielo,3.08,recitative,0
358,Adriana Lecouvreur,Adriana Lecouvreur So ch'ella dorme,4.02,recitative,0
360,Adriana Lecouvreur,Adriana Lecouvreur Lieta sorpresa,4.04,sextet,0
361,Adriana Lecouvreur,Adriana Lecouvreur Una volta c'era un Principe,4.05,quartet,0
362,Adriana Lecouvreur,Adriana Lecouvreur Un cofanetto scusate,4.06,sextet,0
363,Adriana Lecouvreur,Adriana Lecouvreur No la mia fronte,4.10-1 ,duet,0
348,Adriana Lecouvreur,Adriana Lecouvreur Sia..aprite,2.11-1 ,recitative,0
349,Adriana Lecouvreur,Adriana Lecouvreur Non risponde,2.11-2 ,,0
391,Die Zauberflöte,Die Zauberflöte He lichter her!,2.06,spoken,0
364,Adriana Lecouvreur,Adriana Lecouvreur Che tu tremi trascolori,4.11,recitative,0
380,Die Zauberflöte,Die Zauberflöte Wie stark is nicht dein Zauberton,1.18,aria,0
127,Aida,Aida Su dunque sorgete,3.07-2 ,aria,0
138,Aida,Aida Le gole Di Napata,3.14-2 ,recitative,0
139,Aida,Aida Ah! no ti calma ascoltami,3.15,recitative,0
141,Aida,Aida Muori.. arresta insano,3.16-2 ,recitative,0
143,Aida,Aida Io l'amo io l'amo sempre,4.01-2 ,aria,0
145,Aida,Aida Morire ah tu dei vivere,4.03,aria,0
149,Aida,Aida Spirito del Nume sovra noi discendi,4.08,duet,0
155,Aida,Aida Immenso Ftha del mondo,4.15,,0
96,Aida,Aida Ohimé di guerra fremère,1.05-3,recitative,0
366,Adriana Lecouvreur,Adriana Lecouvreur Ecco la luce,4.13,recitative,0
56,Carmen,Carmen La cloche a sonnee,1.05,choir,0
83,Carmen,Carmen Moi je viens te chercher!,3.08,,0
89,Carmen,Carmen Ou vas - tu Laisse - moi,3.15,"duet,choir",0
735,Das Rheingold,Das Rheingold Umsonst sucht ich,2,aria,0
736,Das Rheingold,Das Rheingold Hieher dorthin hehe hoho!,3,aria,0
664,Die Walküre,Die Walküre Ho jo to ho,2.03,aria,0
675,Die Walküre,Die Walküre Kehrte der Vater nun heim,2.14,recitative,0
676,Die Walküre,Die Walküre Wo ist Brunnhilde,3.04,recitative,0
677,Die Walküre,Die Walküre War es so schmalich,3.05,"recitative,duet",0
70,Carmen,Carmen Haite - la ! qui va la,2.06,aria,0
75,Carmen,"Carmen Bel oficier, bel oficier",2.11,quartet,0
115,Aida,Aida Concedi in pria,2.11,recitative,0
99,Aida,Aida Numi pieta del mio soffrir,1.08-3 ,aria,0
519,Falstaff,Falstaff Presenteremo un bill,2.06,recitative,0
515,Falstaff,Falstaff Signore v'assista il cielo,2.03,recitative,0
589,Don Giovanni,Don Giovanni Finch han dal vino calda la testa,1.20,aria,0
594,Don Giovanni,Don Giovanni Tra quest arbori celata,1.26,recitative,0
494,Falstaff,Falstaff Sei polli sei scellini,1.02-1 ,recitative,0
495,Falstaff,Falstaff So che se andiam la notte,1.02-2 ,recitative,0
496,Falstaff,Falstaff Ma e tempo d'assottigliar l'ingegno,1.03-2 ,recitative,0
497,Falstaff,Falstaff Ve noto un tal qui del paese,1.03-3 ,recitative,0
566,Don Giovanni,Don Giovanni Traditore!,1.02-3 ,recitative,0
499,Falstaff,Falstaff Ma per tornare a voi,1.04-2 ,aria,0
493,Falstaff,Falstaff Falstaff ola!,1.01,recitative,0
502,Falstaff,Falstaff Quell'otre! quel tino,1.07-1 ,quartet,0
505,Falstaff,Falstaff Pst pst Nannetta,1.09-1 ,recitative,0
506,Falstaff,Falstaff Labbra di foco,1.09-2 ,recitative,0
507,Falstaff,Falstaff Falstaff m'ha canzonata,1.09-3 ,recitative,0
508,Falstaff,Falstaff Torno all assalto,1.09-4 ,recitative,0
510,Falstaff,Falstaff Qui piu non si vagoli,1.12,recitative,0
511,Falstaff,Falstaff Siam pentiti e contriti,2.01-1 ,recitative,0
503,Falstaff,Falstaff E un ribaldo un furbo un ladro,1.07-2 ,duet,0
513,Falstaff,Falstaff Alice e mia va vecchio John,2.02-1 ,recitative,0
514,Falstaff,Falstaff Padron di la ce un certo Fontana,2.02-2 ,recitative,0
498,Falstaff,Falstaff L'onore? Ladri!,1.04-1 ,aria,0
405,Die Zauberflöte,Die Zauberflöte Soll ich dich Teurer nicht mehr sehen?,2.21,trio,0
539,Falstaff,Falstaff Odo un soave passo,3.07-2 ,duet,0
518,Falstaff,Falstaff Eccomi qua son pronto,2.05-2 ,recitative,0
520,Falstaff,Falstaff Gaie comari di Windsor,2.08,"quartet,recitative",0
521,Falstaff,Falstaff Alfin ho colto raggiante fior,2.09,recitative,0
522,Falstaff,Falstaff Quand'ero paggio,2.10,aria,0
523,Falstaff,Falstaff Mia signora,2.11-1 ,recitative,0
524,Falstaff,Falstaff Egli scavalca le siepi del giardino,2.11-2 ,recitative,0
525,Falstaff,Falstaff Vien qua che chiasso!,2.12-1 ,recitative,0
526,Falstaff,Falstaff Al ladro!,2.12-2 ,recitative,0
527,Falstaff,Falstaff Ce ce se t'agguanto,2.13,"recitative,ensemble",0
528,Falstaff,Falstaff Ned! Will! Tom! Isaac! su presto!,2.15,recitative,0
516,Falstaff,Falstaff Ce a Windsor una dama,2.04-1 ,"recitative,duet",0
529,Falstaff,Falstaff Ehi! Taverniere!,3.01-1 ,aria,0
531,Falstaff,Falstaff Reverenza la bella Alice,3.02-1 ,"recitative,ensemble",0
532,Falstaff,Falstaff Quando il rintocco della mezzanotte,3.03,"aria,recitative",0
533,Falstaff,Falstaff Brava quelle corna saranno,3.04,"recitative,ensemble",0
534,Falstaff,Falstaff Avro con me dei putti,3.05-1 ,"aria,ensemble",0
535,Falstaff,Falstaff Provvedi le lanterne,3.05-2 ,recitative,0
537,Falstaff,Falstaff Nossignore! tu indossa,3.06-2 ,recitative,0
538,Falstaff,Falstaff Una due tre quattro,3.07-1 ,recitative,0
394,Die Zauberflöte,Die Zauberflöte Heil dir Prinz!,2.08-2 ,duet,0
542,Falstaff,Falstaff Alto la! Chi la la?,3.10,"recitative,ensemble",0
530,Falstaff,Falstaff Mondo ladro,3.01-2 ,aria,0
543,Falstaff,Falstaff Ruzzola ruzzola ruzzola!,3.11-1 ,"recitative,ensemble",0
512,Falstaff,Falstaff Reverenza!,2.01-2 ,recitative,0
545,Falstaff,Falstaff Naso vermiglio,3.12-1 ,"recitative,ensemble",0
548,Falstaff,Falstaff Facciamo il parentado,3.15-1 ,"recitative,ensemble",0
713,Götterdammerung,Götterdammerung Hoi ho Ihr Gibichsmannen,,,0
714,Götterdammerung,Götterdammerung Höre mit Sinn,,aria,0
715,Götterdammerung,Götterdammerung Seit er von dir geschieden,,aria,0
719,Götterdammerung,Götterdammerung Starke Scheite schichtet mir dort,,"aria,finale",0
721,Götterdammerung,Götterdammerung Altgewohntes Gerausch,1,,0
722,Götterdammerung,Götterdammerung Hier sitz ich zur Wacht,1,aria,0
725,Götterdammerung,Götterdammerung Brunnhilde die hehrste Frau,2.04,aria,0
726,Götterdammerung,Götterdammerung Schweigt eures Jammers,3,,0
442,La Fille du régiment,La Fille du régiment Sorgeva il di Maria,2.03,trio,0
441,La Fille du régiment,La Fille du régiment La romanza in question,2.02-2 ,recitative,0
469,La Clemenza di Tito,La Clemenza di Tito Deh! conservata oh Dei,1.23,"quintet,choir",0
471,La Clemenza di Tito,La Clemenza di Tito Torna di Tito a lato,2.02,aria,0
480,La Clemenza di Tito,La Clemenza di Tito Ma Publio ancora,2.12,recitative,0
486,La Clemenza di Tito,La Clemenza di Tito Publio ascolta,2.18,recitative,0
418,La Fille du régiment,La Fille du régiment Convien partir,,aria,0
420,La Fille du régiment,La Fille du régiment Le ricchezze ed il grado fastoso,,aria,0
428,La Fille du régiment,La Fille du régiment Se andate io qui non resto,1,aria,0
431,La Fille du régiment,La Fille du régiment Silenzio silenzio!,1.02,choir,0
432,La Fille du régiment,La Fille du régiment Ragazzi per pieta,1.03,recitative,0
727,Götterdammerung,Götterdammerung Mime hiess ein mürrischer Zwerg,3.02,aria,0
458,La Clemenza di Tito,La Clemenza di Tito Marcia 2,1.11,instrumental,0
174,Mefistofele,Mefistofele Forma ideal purissima,4,duet,0
173,Mefistofele,Mefistofele Spunta l'aurora pallida,3,aria,0
690,Siegfried,Siegfried Du bist nicht,3.01,aria,0
445,La Fille du régiment,La Fille du régiment Che vedo un uffiziale,2.08-1 ,aria,0
446,La Fille du régiment,La Fille du régiment Mio figlio il Duca,2.09,recitative,0
447,La Fille du régiment,La Fille du régiment Maria cara madre,2.10-2 ,duet,0
285,La Traviata,La Traviata Che e cio? non gradireste,1.04-1 ,"aria,ensemble",0
289,La Traviata,La Traviata Si ridesta in ciel aurora,1.07,choir,0
291,La Traviata,La Traviata Ah! fors e lui che l'anima,1.09,aria,0
299,La Traviata,La Traviata Madamigella Valery,2.03-2 ,duet,0
302,La Traviata,La Traviata E grave il sacrifizio,2.05-2 ,duet,0
313,La Traviata,La Traviata Di Madride noi siamo mattadori,2.16,,0
304,La Traviata,La Traviata Ah! dite alle giovine,2.07,duet,0
310,La Traviata,La Traviata Ne rispondi d'un padre all affetto,2.13-2 ,aria,0
324,La Traviata,La Traviata Ah! non piu a un tempio,3.08,duet,0
640,Les (The Pearl Fishers) Pêcheurs de perles,Les (The Pearl Fishers) Pêcheurs de perles Comme autrefois dans la nuit sombre,2.02-2 ,aria,0
648,Les (The Pearl Fishers) Pêcheurs de perles,Les (The Pearl Fishers) Pêcheurs de perles Je fremis je chancelle,3.03,duet,0
651,Les (The Pearl Fishers) Pêcheurs de perles,Les (The Pearl Fishers) Pêcheurs de perles Sombres divinites,3.06,quartet,0
652,Les (The Pearl Fishers) Pêcheurs de perles,Les (The Pearl Fishers) Pêcheurs de perles Ce sont eux les voici,3.08,,0
167,Mefistofele,Mefistofele Ave Signor,0,aria,0
169,Mefistofele,Mefistofele Son lo spirito che nega,1,aria,0
172,Mefistofele,Mefistofele Lontano lontano lontano,3,duet,0
443,La Fille du régiment,La Fille du régiment Par le rang et par l'opulence,2.05-1 ,aria,0
546,Falstaff,Falstaff Ogni sorta di gente dozzinale,3.13,"recitative,ensemble",0
433,La Fille du régiment,La Fille du régiment Corpo d'uno spingardo 1,1.05,recitative,0
227,Otello,Otello Non m'inganno al mio rivale,,,0
229,Otello,Otello Esultate l'orgoglio musulmano,1.02,"aria,choir",0
233,Otello,Otello Innaffia l'ugola trinca tracanna,1.06,"trio,choir",0
235,Otello,Otello Ola che avvien,1.08-2 ,recitative,0
237,Otello,Otello Quando narravi l'esule tua vita,1.09-2 ,duet,0
239,Otello,Otello Non ti cruciar,2.01,recitative,0
240,Otello,Otello Vanne la tua meta gia vedo,2.02,recitative,0
242,Otello,Otello Eccola Cassio a te,2.04,aria,0
250,Otello,Otello Ora e per sempre addio sante memorie,2.13,aria,0
254,Otello,Otello Continua qui trarro,3.02,recitative,0
271,Otello,Otello Fuggirmi io sol non so,3.19-2 ,recitative,0
258,Otello,Otello Ah! Dannazione,3.06-3 ,recitative,0
260,Otello,Otello Vieni l'aula e deserta,3.08,recitative,0
261,Otello,Otello E intanto giacche non si stanca,3.09,recitative,0
262,Otello,Otello Questa e una ragna,3.10,aria,0
263,Otello,Otello Quest e il segnale,3.12-1 ,recitative,0
264,Otello,Otello Come la uccidero,3.12-2 ,recitative,0
265,Otello,Otello Viva il Leon di San Marco,3.13,choir,0
266,Otello,Otello Il doge ed il senato salutano,3.14-1 ,recitative,0
267,Otello,Otello Messere son lieto di vedervi,3.14-2 ,recitative,0
222,Otello,Otello Canzone del Salice e Ave Maria,,aria,0
259,Otello,Otello Cassio e la,3.07,recitative,0
270,Otello,Otello Quell innocente un fremito,3.17,quartet,0
274,Otello,Otello O salce salce,4.03-2 ,aria,0
269,Otello,Otello A terra si nel livido fango,3.16,aria,0
185,Rigoletto,Rigoletto Signor va non ho niente,2.01-2 ,duet,0
224,Otello,Otello Isaura!,,,0
280,Otello,Otello Quai grida orrore,4.07-1 ,recitative,0
178,Pelléas et Melisande,Pelléas et Melisande Maintenant que le pere de Pelleas est sauve,4,aria,0
190,Rigoletto,Rigoletto Gia de tre lune,2.04-2 ,aria,0
191,Rigoletto,Rigoletto Addio addio mio padre,2.05-1 ,trio,0
193,Rigoletto,Rigoletto Signor ne principe,2.05-3 ,duet,0
553,Samson et Dalila,Samson et Dalila Israel romps ta chaine,1,aria,0
279,Otello,Otello Aprite aprite,4.06-2 ,recitative,0
278,Otello,Otello Calma come la tomba,4.06-1 ,recitative,0
681,Siegfried,Siegfried Heiss ward mir,,,0
556,Samson et Dalila,Samson et Dalila Maudite a jamais soit la race,1,aria,0
36,Tosca,Tosca Risolvi mi vuoi supplice,2.14-3 ,recitative,0
23,Tosca,Tosca Egli e la sale ascende,2.04-2 ,recitative,0
26,Tosca,Tosca Ahime! Mario consenti chio parli,2.08,recitative,0
27,Tosca,Tosca Floria..amore Vittoria,2.09,trio,0
28,Tosca,Tosca Nel pozzo del giardino Vittoria,2.10,duet,0
31,Tosca,Tosca Gia mi dicon venal,2.12-2 ,aria,0
33,Tosca,Tosca Ah! piuttosto giu m'avvento,2.13,recitative,0
0,Tosca,Tosca Overture,1,instrumental,0
45,Tosca,Tosca O dolce mani mansuete e pure,3.06,duet,0
686,Siegfried,Siegfried Nothung nothung neidliches Schwert,1,aria,0
354,Adriana Lecouvreur,Adriana Lecouvreur Ballet 3,3.05-2 ,instrumental,1
484,La Clemenza di Tito,La Clemenza di Tito Ove s'intese mai piu,2.16,recitative,1
332,Adriana Lecouvreur,Adriana Lecouvreur Adriana che c'e?,1.07,recitative,1
339,Adriana Lecouvreur,Adriana Lecouvreur Principessa finalmente,2.02,recitative,1
337,Adriana Lecouvreur,Adriana Lecouvreur Neppure una parola,1.13-2 ,ensemble,1
350,Adriana Lecouvreur,Adriana Lecouvreur Eh! via cosi non va,3.01,recitative,1
359,Adriana Lecouvreur,Adriana Lecouvreur Amico mio figliuola,4.03,recitative,1
268,Otello,Otello Messeri il Doge,3.15-2 ,recitative,1
120,Aida,Aida Fa cor della tua patria,2.17,,1
66,Carmen,Carmen Les tringles des sistres tintaient (Gypsy Song),2.02,aria,1
625,Dialogues Carmelites,Dialogues Carmelites Soeur Blanche de l'Agonie du Christ,1,aria,1
585,Don Giovanni,Don Giovanni Allora rinforzo i stridi miei,1.17-2 ,"recitative,aria",1
624,Don Giovanni,Don Giovanni Questo e il fin di chi fa mal,2.22,"ensemble,finale",1
716,Götterdammerung,Götterdammerung Siegfried und Brunnhilde,,instrumental,1
475,La Clemenza di Tito,La Clemenza di Tito Gia de publici,2.07,recitative,1
93,Aida,Aida Celeste Aidas,1.03-2 ,aria,1
353,Adriana Lecouvreur,Adriana Lecouvreur Il russo Mencikoff,3.05-1 ,aria,1
106,Aida,Aida Dance of young moorish slaves,2.02,instrumental,1
649,Les (The Pearl Fishers) Pêcheurs de perles,Les (The Pearl Fishers) Pêcheurs de perles Entends au loin,3.04,,1
647,Les (The Pearl Fishers) Pêcheurs de perles,Les (The Pearl Fishers) Pêcheurs de perles Qu'ai je vu?,3.02,"recitative,duet",1
629,Les (The Pearl Fishers) Pêcheurs de perles,Les (The Pearl Fishers) Pêcheurs de perles Amis interrompez vos danses,1.03-1 ,"recitative,choir",1
440,La Fille du régiment,La Fille du régiment Ecco le carte,2.02-1 ,recitative,1
424,La Fille du régiment,La Fille du régiment E l'ora dell'appello,1,aria,1
434,La Fille du régiment,La Fille du régiment Depuis l'instant ou dans mes bras,1.10,duet,1
419,La Fille du régiment,La Fille du régiment Deciso e dunque,,,1
436,La Fille du régiment,La Fille du régiment Ma chi arriva,1.13,,1
635,Les (The Pearl Fishers) Pêcheurs de perles,Les (The Pearl Fishers) Pêcheurs de perles A cette voix quel trouble,1.10,"recitative,aria",1
429,La Fille du régiment,La Fille du régiment Suo padre me l'accorda,1,aria,1
650,Les (The Pearl Fishers) Pêcheurs de perles,Les (The Pearl Fishers) Pêcheurs de perles Des que le soleil,3.05,,1
218,Otello,Otello Ah come mai non senti,,aria,1
244,Otello,Otello Un tal proposto,2.06,duet,1
200,Rigoletto,Rigoletto Parmi veder le lagrima,3.01-2 ,aria,1
421,La Fille du régiment,La Fille du régiment Andiam andiam,1,choir,1
3,Tosca,Tosca Santa ampolle,1.03-1 ,aria,1
626,Dialogues Carmelites,Dialogues Carmelites Ave Maria,2,,1
107,Aida,Aida Vieni sul crin ti piovano,2.03-1 ,recitative,10
51,Carmen,"Carmen En vain, pour éviter",,aria,10
403,Die Zauberflöte,Die Zauberflöte Nicht wahr Tamino ich kann auch schweigen,2.18,recitative,10
410,Die Zauberflöte,Die Zauberflöte Der welcher wandert diese Strasse voll Beschwerden,2.27,spoken,10
482,La Clemenza di Tito,La Clemenza di Tito Eppur mi fa pieta,2.14,recitative,10
477,La Clemenza di Tito,La Clemenza di Tito No cosi scellerato,2.09,recitative,10
583,Don Giovanni,Don Giovanni Non ti fidar o misera,1.16-1 ,quartet,10
588,Don Giovanni,Don Giovanni Dalla sua pace,1.18-2 ,aria,10
472,La Clemenza di Tito,La Clemenza di Tito Partir deggio o restar,2.03,recitative,10
577,Don Giovanni,Don Giovanni Ho capito Signor si!,1.10,aria,10
580,Don Giovanni,Don Giovanni Fermati scellerato!,1.13,recitative,10
408,Die Zauberflöte,Die Zauberflöte Da bin ich schon mein Engel,2.24,spoken,10
230,Otello,Otello Roderigo ebben che pensi,1.03-1 ,aria,10
186,Rigoletto,Rigoletto Pari siamo,2.02-1 ,aria,10
492,La Clemenza di Tito,La Clemenza di Tito Tu e ver m'assolvi,2.25,"aria,ensemble",10
423,La Fille du régiment,La Fille du régiment Chacun le sait,1,aria,10
168,Mefistofele,Mefistofele Dai campi dai prati,1,aria,10
232,Otello,Otello Roderigo beviam,1.05,recitative,10
489,La Clemenza di Tito,La Clemenza di Tito Che del ciel che degli Dei,2.22,choir,10
188,Rigoletto,Rigoletto Figlia Mio Padre!,2.03,duet,10
206,Rigoletto,Rigoletto Piangi fanciulla,3.06-2 ,duet,10
207,Rigoletto,Rigoletto Schiudete ire al carcere Monteron,3.07-1 ,,10
24,Tosca,Tosca Dove Angelotti?,2.05,recitative,10
491,La Clemenza di Tito,La Clemenza di Tito Ma che giorno e mai questo,2.24,recitative,10
606,Don Giovanni,Don Giovanni Vedrai carino,2.07-3 ,aria,11
404,Die Zauberflöte,Die Zauberflöte O Isis und Osiris welche Wonne,2.19,choir,11
415,Die Zauberflöte,Die Zauberflöte Nur stille! stille!,2.32,quintet,11
412,Die Zauberflöte,Die Zauberflöte Wir wandelten durch Feuersgluten,2.29,"choir,duet",11
411,Die Zauberflöte,Die Zauberflöte Tamino mein!,2.28,quartet,11
466,La Clemenza di Tito,La Clemenza di Tito Vedrai Tito vedrai,1.20,recitative,11
401,Die Zauberflöte,Die Zauberflöte Tamino wollen wir nicht speisen,2.16,recitative,11
399,Die Zauberflöte,Die Zauberflöte Hier seid ihr euch beide allein überlassen,2.14,spoken,11
82,Carmen,Carmen Hola! hola! Jose!,3.07,quartet,11
72,Carmen,"Carmen Attends un peu, Carmen",2.08,,11
559,Samson et Dalila,Samson et Dalila Amour viens aider ma faiblesse,2,aria,11
416,Die Zauberflöte,Die Zauberflöte Die Strahlen der Sonne vertreiben die Nacht,2.33-1 ,"recitative,choir",11
474,La Clemenza di Tito,La Clemenza di Tito Se al volto mai ti senti,2.05,trio,11
473,La Clemenza di Tito,La Clemenza di Tito Sesto che chiedi,2.04,recitative,11
11,Tosca,Tosca Qual occhi al mondo puo,1.11-2 ,duet,11
198,Rigoletto,Rigoletto Zitti zitti moviamo a vendetta,2.10,"choir,duet",11
273,Otello,Otello Piangea cantando,4.03-1 ,aria,11
470,La Clemenza di Tito,La Clemenza di Tito Sesto come tu credi,2.01,recitative,11
481,La Clemenza di Tito,La Clemenza di Tito Quello di Tito e il volto,2.13,trio,11
479,La Clemenza di Tito,La Clemenza di Tito Che orror che tradimento,2.11,aria,11
478,La Clemenza di Tito,La Clemenza di Tito Tu fosti tradito,2.10,aria,11
476,La Clemenza di Tito,La Clemenza di Tito Tardi s'avvede,2.08,aria,11
241,Otello,Otello Credo in un Dio crudel,2.03,aria,11
417,Die Zauberflöte,Die Zauberflöte Heil sei euch Geweihten,2.33-2 ,choir,12
62,Carmen,"Carmen Tra la la la, coupe - moi",1.11,"duet,choir",12
65,Carmen,Carmen Entr'acte 1,2.01,instrumental,12
81,Carmen,Carmen Je suis Escamillo,3.06,duet,12
87,Carmen,"Carmen Si tu m'aimes, Carmen",3.13,"duet,choir",12
390,Die Zauberflöte,Die Zauberflöte Eine schreckliche Nacht,2.04,spoken,12
397,Die Zauberflöte,Die Zauberflöte Morden soll ich?,2.12,spoken,12
400,Die Zauberflöte,Die Zauberflöte Seid uns zum zweiten Mal willkommen,2.15,trio,12
611,Don Giovanni,Don Giovanni Ferma perfido ferma,2.11-1 ,recitative,12
572,Don Giovanni,Don Giovanni Chi e la?,1.06-2 ,recitative,12
47,Tosca,Tosca Amaro sol per te m'era il morire,3.08,duet,12
617,Don Giovanni,Don Giovanni Calmatevi idol mio!,2.16,recitative,12
618,Don Giovanni,Don Giovanni Crudele? Ah! no mio bene,2.17-1 ,"aria,recitative",12
621,Don Giovanni,Don Giovanni L'ultima prova dell'amor mio,2.19,recitative,12
711,Götterdammerung,Götterdammerung Brunnhilde heilige Braut,,aria,12
305,La Traviata,La Traviata Morro la mia memoria,2.09,duet,12
321,La Traviata,La Traviata Largo al quadrupede,3.05,choir,12
37,Tosca,Tosca Io tenni la promessa,2.16,aria,12
616,Don Giovanni,Don Giovanni O statua gentilissima,2.15,duet,12
615,Don Giovanni,Don Giovanni Ah! ah questa e buona,2.14,recitative,12
109,Aida,Aida Pieta ti prenda del mio dolor,2.05,recitative,13
388,Die Zauberflöte,Die Zauberflöte Ihr in dem Weisheitstempel eingeweihten,2.02,spoken,13
61,Carmen,Carmen Au secours! n'entendez - vous pas,1.10,"aria,choir",13
84,Carmen,Carmen Entr'acte 3,3.10,instrumental,13
386,Die Zauberflöte,Die Zauberflöte Wenn Tugend und Gerechtigkeit,1.22,choir,13
608,Don Giovanni,Don Giovanni Mille torbidi pensieri,2.09-2 ,sextet,13
395,Die Zauberflöte,Die Zauberflöte Alles fühlt der Liebe Freuden,2.09,aria,13
398,Die Zauberflöte,Die Zauberflöte In diesen heilgen Hallen,2.13,aria,13
564,Don Giovanni,Don Giovanni Notte e giorno faticar,1.02-1 ,aria,13
95,Aida,Aida Vieni o diletta appressati,1.05-2 ,recitative,13
286,La Traviata,La Traviata Oh! qual pallor,1.05-1,recitative,13
461,La Clemenza di Tito,La Clemenza di Tito Non ci pentiam,1.14,recitative,13
43,Tosca,Tosca Ah! franchigia a Floria Tosca,3.04,duet,13
327,La Traviata,La Traviata Se una pudica vergine,3.12,quartet,13
228,Otello,Otello Una vela una vela,1.01,recitative,13
48,Tosca,Tosca E non giungono,3.09,recitative,13
197,Rigoletto,Rigoletto Caro nome che il mio cor,2.08-2 ,aria,13
215,Rigoletto,Rigoletto Della vendetta alfin giunge,4.07,recitative,13
217,Rigoletto,Rigoletto Lassu in cielo,4.08-2 ,duet,13
402,Die Zauberflöte,Die Zauberflöte Ach ich fühl es ist verschwunden,2.17,aria,13
18,Tosca,Tosca Te deum,1.20,aria,13
35,Tosca,Tosca Vedi le man giunte io stendo,2.14-2 ,recitative,13
221,Otello,Otello Canzone del Salice,,aria,13
680,Siegfried,Siegfried Dass der mein Vater nicht ist,,,13
46,Tosca,Tosca Senti l'ora e vicina,3.07,aria,13
449,La Clemenza di Tito,La Clemenza di Tito Ma che sempre l'istesso,1.02,recitative,14
338,Adriana Lecouvreur,Adriana Lecouvreur Acerba volutta,2.01,aria,14
451,La Clemenza di Tito,La Clemenza di Tito Amico il passo affretta,1.04,recitative,14
71,Carmen,Carmen Je vais danser en votre honneur,2.07,duet,14
376,Die Zauberflöte,Die Zauberflöte Mutter Mutter!,1.14,recitative,14
382,Die Zauberflöte,Die Zauberflöte Könnte jeder brave Mann,1.19-2 ,duet,14
383,Die Zauberflöte,Die Zauberflöte Es lebe Sarastro Sarastro lebe!,1.20-1 ,"recitative,choir",14
392,Die Zauberflöte,Die Zauberflöte Wie wie wie?,2.07,quintet,14
105,Aida,Aida Nume custode e vindice,1.14,duet,14
393,Die Zauberflöte,Die Zauberflöte Jungling!,2.08-1 ,spoken,14
590,Don Giovanni,Don Giovanni Masetto senti un po,1.21,recitative,14
452,La Clemenza di Tito,La Clemenza di Tito Deh! se piacer mi vuoi,1.05,aria,14
597,Don Giovanni,Don Giovanni Venite pur avanti,1.28-3 ,recitative,14
718,Götterdammerung,Götterdammerung Siegfrieds Tod,,instrumental,14
385,Die Zauberflöte,Die Zauberflöte Nun stolzer Jungling nur hierher,1.21,quartet,14
384,Die Zauberflöte,Die Zauberflöte Herr ich bin zwar Verbrecherin,1.20-2 ,duet,14
592,Don Giovanni,Don Giovanni Guarda un po come seppe,1.23,recitative,14
683,Siegfried,Siegfried Selige ode,,,14
39,Tosca,Tosca Tosca finalmente mia,2.18,ensemble,14
456,La Clemenza di Tito,La Clemenza di Tito Serbate oh Dei custodi,1.09,choir,14
468,La Clemenza di Tito,La Clemenza di Tito Oh! Dei che smania,1.22,recitative,14
459,La Clemenza di Tito,La Clemenza di Tito Adesso oh Sesto,1.12,recitative,14
462,La Clemenza di Tito,La Clemenza di Tito Ah! perdona al primo,1.15,duet,14
463,La Clemenza di Tito,La Clemenza di Tito Ah! se fosse intorno al trono,1.17,aria,14
464,La Clemenza di Tito,La Clemenza di Tito Felice me,1.18,recitative,14
467,La Clemenza di Tito,La Clemenza di Tito Vengo aspettate Sesto,1.21,trio,14
457,La Clemenza di Tito,La Clemenza di Tito Te della..basta basta,1.10,recitative,14
293,La Traviata,La Traviata Sempre libera degg'io,1.11,aria,14
213,Rigoletto,Rigoletto Venti scudi hai tu detto,4.05-2 ,recitative,14
214,Rigoletto,Rigoletto Ah! piu non ragiono,4.06-1 ,recitative,14
453,La Clemenza di Tito,La Clemenza di Tito Amico ecco il momento,1.06,recitative,14
20,Tosca,Tosca Ha piu forte sapore,2.02-2 ,recitative,14
32,Tosca,Tosca Se la giurata fede,2.12-3 ,"aria,recitative",14
209,Rigoletto,Rigoletto E l'ami sempre,4.01,quartet,14
94,Aida,Aida Quale insolita gioia nel tuo sguardo,1.04,recitative,15
98,Aida,Aida Or di vulcano al tempio,1.08-2 ,aria,15
88,Carmen,Carmen C'est toi C'est moi,3.14,"duet,choir",15
658,Die Walküre,Die Walküre Ein Schwert verhiess mir der Vater,1.05,aria,15
85,Carmen,Carmen A deux cuartos,3.11,choir,15
381,Die Zauberflöte,Die Zauberflöte Schnelle Füsse rascher Mut,1.19-1 ,recitative,15
596,Don Giovanni,Don Giovanni Protegga il giusto cielo,1.28-1 ,trio,15
578,Don Giovanni,Don Giovanni Alfin siam liberati Zerlinetta,1.11,recitative,15
378,Die Zauberflöte,Die Zauberflöte Zum Ziele führt dich diese Bahn,1.16,quartet,15
595,Don Giovanni,Don Giovanni Bisogna aver coraggio,1.27,recitative,15
379,Die Zauberflöte,Die Zauberflöte Die Weisheitslehre dieser Knaben,1.17,"aria,recitative",15
465,La Clemenza di Tito,La Clemenza di Tito Parto parto ma tu ben mio,1.19,aria,15
79,Carmen,"Carmen Quant au douanier, c'est notre affaire!",3.04,"ensemble,chorus",15
15,Tosca,Tosca Tosca che non mi veda,1.15,recitative,15
454,La Clemenza di Tito,La Clemenza di Tito Deh! prendi un dolce,1.07,duet,15
455,La Clemenza di Tito,La Clemenza di Tito Marcia 1,1.08,,15
204,Rigoletto,Rigoletto Mio padre Dio mia Gilda!,3.05,recitative,15
14,Tosca,Tosca Un tal baccano in chiesa,1.14,aria,15
19,Tosca,Tosca Tosca e buon falco,2.01,aria,15
685,Siegfried,Siegfried Waldweben,,instrumental,15
22,Tosca,Tosca Meno male!,2.04-1 ,recitative,15
717,Götterdammerung,Götterdammerung Siegfrieds Rheinfahrt,,instrumental,15
50,Tosca,Tosca Mario su presto!,3.11,recitative,15
450,La Clemenza di Tito,La Clemenza di Tito Come ti piace imponi,1.03,duet,15
17,Tosca,Tosca Ed io venivo a lui,1.17,duet,15
74,Carmen,Carmen Hola! Carmen!,2.10,,16
340,Adriana Lecouvreur,Adriana Lecouvreur L'anima ho stanca,2.03,aria,16
153,Aida,Aida La fatal pietra sovra me si chiuse,4.11,aria,16
602,Don Giovanni,Don Giovanni Deh! vieni alla finestra,2.04,aria,16
76,Carmen,Carmen Entr'acte 2,3.01,instrumental,16
77,Carmen,"Carmen Ecoute, ecoute, compagnon",3.02,"sextet,chorus",16
80,Carmen,Carmen Je dis que rien m'epouvante,3.05,aria,16
86,Carmen,Carmen Les voici! les voici!,3.12,,16
375,Die Zauberflöte,Die Zauberflöte Du feines Taubchen nur herein,1.13,trio,16
377,Die Zauberflöte,Die Zauberflöte Bei Männern welche Liebe fühlen,1.15,duet,16
563,Don Giovanni,Don Giovanni Overture,1.01,instrumental,16
54,Carmen,Carmen Regardez donc cette petite,1.03,"duet,choir",16
389,Die Zauberflöte,Die Zauberflöte O Isis und Osiris,2.03,"aria,choir",16
192,Rigoletto,Rigoletto Giovanna ho dei rimorsi,2.05-2 ,duet,16
211,Rigoletto,Rigoletto Un di se ben rammentomi,4.03,quartet,16
205,Rigoletto,Rigoletto Tutte le feste al tempio,3.06-1 ,aria,16
195,Rigoletto,Rigoletto Che m'ami deh ripetimi,2.07,recitative,16
603,Don Giovanni,Don Giovanni Ve gente alla finestra,2.05-1 ,recitative,16
202,Rigoletto,Rigoletto Possente amor mi chiama,3.02-3 ,aria,16
208,Rigoletto,Rigoletto Si vendetta tremenda vendetta,3.07-2 ,duet,16
199,Rigoletto,Rigoletto Ella mi fu rapita,3.01-1 ,aria,16
216,Rigoletto,Rigoletto V'ho ingannato colpevole fui,4.08-1 ,duet,16
557,Samson et Dalila,Samson et Dalila Printemps qui commence,1,aria,16
688,Siegfried,Siegfried Overture,1.01,instrumental,16
9,Tosca,Tosca Or lasciami al lavoro,1.09,recitative,16
12,Tosca,Tosca E buona la mia Tosca,1.12,recitative,16
57,Carmen,Carmen La voila! La voila!,1.06,"aria,choir",17
132,Aida,Aida Fuggiam gli ardori inospiti,3.11-1 ,aria,17
142,Aida,Aida L'aborrita rivale a me sfuggia,4.01-1 ,aria,17
144,Aida,Aida Gia i sacerdoti adunansi,4.01-3 ,aria,17
148,Aida,Aida Ohime!..morir mi sento,4.07,aria,17
156,Aida,Aida O terra addio valle di pianti,4.16,duet,17
2,Tosca,Tosca E sempre lava,1.02,recitative,17
370,Die Zauberflöte,Die Zauberflöte He da! Was da!,1.05,recitative,17
430,La Fille du régiment,La Fille du régiment Overture,1.01,instrumental,17
187,Rigoletto,Rigoletto Io la lingua,2.02-2 ,aria,17
691,Siegfried,Siegfried Ewig war ich,3.03,aria,17
7,Tosca,Tosca Ora stammi a sentir,1.07,duet,17
387,Die Zauberflöte,Die Zauberflöte Marsch der Priester,2.01,instrumental,17
10,Tosca,Tosca Ah! quegli occhi,1.11-1 ,duet,17
547,Falstaff,Falstaff Ah! Ah! Ah! Ah!,3.14,recitative,17
373,Die Zauberflöte,Die Zauberflöte Hm! hm! hm! hm!,1.11,quintet,18
121,Aida,Aida O tu che sei d'osiride,3.01,choir,18
122,Aida,Aida Qui Radames verra,3.03-1 ,aria,18
123,Aida,Aida O patria mia,3.03-2 ,aria,18
125,Aida,Aida Ciel! mio Padre!,3.05,aria,18
678,Die Walküre,Die Walküre Leb wohl du kühnes herrliches Kind,3.06,aria,18
129,Aida,Aida Pur ti riveggo mia dolce Aida,3.09,recitative,18
374,Die Zauberflöte,Die Zauberflöte Ha ha ha!,1.12,spoken,18
161,La Bohème,"La Bohème Vecchia zimarra, senti",,aria,18
632,Les (The Pearl Fishers) Pêcheurs de perles,Les (The Pearl Fishers) Pêcheurs de perles Au fond du temple saint,1.06,duet,18
182,Rigoletto,Rigoletto Gran nuova gran nuova,1.04,recitative,18
183,Rigoletto,Rigoletto Chio gli parli,1.05,recitative,18
184,Rigoletto,Rigoletto Quel vecchio maledivami,2.01-1 ,duet,18
568,Don Giovanni,Don Giovanni Ah! del padre in periglio,1.04-1 ,recitative,18
69,Carmen,Carmen Nous avons en tete une affaire,2.05,quintet,19
372,Die Zauberflöte,Die Zauberflöte Zum Leiden bin ich auserkoren,1.09,aria,19
64,Carmen,"Carmen Voici l'ordre, partez",1.13,"recitative,finale",19
60,Carmen,Carmen Parle-moi de ma mere,1.09,duet,19
116,Aida,Aida Che veggo..egli..mio padre,2.12,recitative,19
117,Aida,Aida Ma tu Re tu signore possente,2.14,trio,19
114,Aida,Aida Salvator della patria,2.10,recitative,19
371,Die Zauberflöte,Die Zauberflöte O zittre nicht mein lieber Sohn,1.08,"recitative,aria",19
118,Aida,Aida O Re pei sacri Numi,2.15,recitative,19
67,Carmen,Carmen Vivat! vivat le Torero,2.03,"aria,choir",19
326,La Traviata,La Traviata Ah! Violetta voi signor,3.10,trio,19
158,La Bohème,La Bohème Donde lieta usci,,aria,19
570,Don Giovanni,Don Giovanni Fuggi crudele fuggi,1.04-3 ,duet,19
483,La Clemenza di Tito,La Clemenza di Tito Deh! per questo,2.15,aria,19
322,La Traviata,La Traviata Signora che t'accade,3.06,trio,19
549,Falstaff,Falstaff Tutto nel mondo e burla,3.15-2 ,"ensemble,finale",19
593,Don Giovanni,Don Giovanni Presto presto pria chei venga,1.24,duet,19
180,Rigoletto,Rigoletto Della mia bella incognita,1.02,aria,19
581,Don Giovanni,Don Giovanni Ah! fuggi il traditor!,1.14,aria,19
567,Don Giovanni,Don Giovanni Leporello ove sei?,1.03,recitative,19
334,Adriana Lecouvreur,Adriana Lecouvreur Or dunque Abate,1.11,recitative,2
336,Adriana Lecouvreur,Adriana Lecouvreur Dove dunque il biglietto,1.13-1 ,recitative,2
355,Adriana Lecouvreur,Adriana Lecouvreur Dormi dormi,3.06,choir,2
702,Iolanta,"Iolanta Adnaka, gde zhe my?",1.13,duet,2
124,Aida,Aida O cieli azzurri,3.04,aria,2
111,Aida,Aida Gloria all'Egitto ad Iside 1,2.07,choir,2
712,Götterdammerung,Götterdammerung Brunnhildes Opfertat,,instrumental,2
672,Die Walküre,Die Walküre Raste nun hier,2.11,"recitative,duet",2
674,Die Walküre,Die Walküre Zauberfest bezahmt ein Schlaf,2.13,aria,2
698,Iolanta,Iolanta Tvajo litso besstrasna,1.09,recitative,2
653,Die Walküre,Die Walküre Wo in Bergen du dich birgst,,aria,2
701,Iolanta,Iolanta Net! Chary lask krasy m'atezhnaj,1.12,aria,2
659,Die Walküre,Die Walküre Dich selige Frau,1.07,aria,2
103,Aida,Aida Sacred dance Priestesses,1.12,duet,2
485,La Clemenza di Tito,La Clemenza di Tito Se all impero,2.17,aria,2
642,Les (The Pearl Fishers) Pêcheurs de perles,Les (The Pearl Fishers) Pêcheurs de perles Leila leila Dieu puissant,2.04-1 ,duet,2
706,Iolanta,"Iolanta Net, nazavi muchen'ja",1.17,duet,2
707,Iolanta,"Iolanta Prasti min'a, ja abmanul tib'a",1.18,duet,2
708,Iolanta,"Iolanta Gotfrid, ja vyruchat'tib'a javilsa",1.19,ensemble,2
703,Iolanta,Iolanta Vy mne petstali kak veden'je,1.14,recitative,2
639,Les (The Pearl Fishers) Pêcheurs de perles,Les (The Pearl Fishers) Pêcheurs de perles L'ombre descend des cieux,2.01,"duet,choir",2
425,La Fille du régiment,La Fille du régiment Lo dice ognuno,1,aria,2
643,Les (The Pearl Fishers) Pêcheurs de perles,Les (The Pearl Fishers) Pêcheurs de perles Ton coeur n'a pas compris le mien,2.04-2 ,duet,2
644,Les (The Pearl Fishers) Pêcheurs de perles,Les (The Pearl Fishers) Pêcheurs de perles Ah! revenez a la raison,2.05,,2
170,Mefistofele,Mefistofele Ecco il mondo,2,aria,2
219,Otello,Otello Ah! vieni nel tuo sangue,,,2
704,Iolanta,Iolanta Tvajo malchan'je nepan'atna,1.15,duet,2
646,Les (The Pearl Fishers) Pêcheurs de perles,Les (The Pearl Fishers) Pêcheurs de perles O Nadir tendre ami de mon jeune age,3.01-2 ,aria,2
573,Don Giovanni,Don Giovanni Madamina il catalogo e questo,1.07,aria,20
59,Carmen,Carmen Carmen! sur tes pas nous nous pressons tous,1.08,"duet,choir",20
663,Die Walküre,Die Walküre Siegmund heiss ich,1.11,aria,20
407,Die Zauberflöte,Die Zauberflöte Ein Mädchen oder Weibchen,2.23,aria,20
571,Don Giovanni,Don Giovanni Ah! chi mi dice mai,1.06-1 ,aria,20
414,Die Zauberflöte,Die Zauberflöte Pa-Pa-Pa-Papageno,2.31,duet,20
460,La Clemenza di Tito,La Clemenza di Tito Del piu sublime soglio,1.13,aria,20
325,La Traviata,La Traviata Ah! gran Dio morir si giovine,3.09-2 ,duet,20
175,Mefistofele,Mefistofele Giunto sul passo estremo,4,aria,20
179,Rigoletto,Rigoletto Overture,1.01,instrumental,20
1,Tosca,Tosca Ah! finalmente!,1.01,recitative,20
318,La Traviata,La Traviata Annina? comandate?,3.02,,20
591,Don Giovanni,Don Giovanni Batti batti bel Masetto,1.22,aria,21
113,Aida,Aida Ballet 2,2.08-2 ,instrumental,21
368,Die Zauberflöte,Die Zauberflöte Zu hilfe zu hilfe!,1.02,quartet,21
369,Die Zauberflöte,Die Zauberflöte Der Vogelfänger bin ich ja,1.04,aria,21
406,Die Zauberflöte,Die Zauberflöte Tamino Tamino!,2.22,spoken,21
316,La Traviata,La Traviata Di sprezzo degno se stesso rende,2.20,ensemble,21
171,Mefistofele,Mefistofele L'altra notte in fondo al mare,3,aria,21
231,Otello,Otello Fuoco di gioia,1.04,choir,21
679,Siegfried,Siegfried Brunnhildes Erwachen,,instrumental,21
689,Siegfried,Siegfried Heil dir Sonne,3,"aria,finale",21
575,Don Giovanni,Don Giovanni Giovinette che fate allamore,1.08-2 ,"duet,choir",21
315,La Traviata,La Traviata Ogni suo aver tal femmina,2.19,quintet,22
90,Aida,Aida Overture,1.01,instrumental,22
654,Die Walküre,Die Walküre Overture,1.01,instrumental,22
306,La Traviata,La Traviata Dammi tu forza o cielo,2.10,duet,22
314,La Traviata,La Traviata Alfredo voi,2.17,ensemble,22
323,La Traviata,La Traviata Parigi o cara noi lasceremo,3.07,duet,22
317,La Traviata,La Traviata Alfredo Alfredo di questo core,2.21,ensemble,22
162,Suor Angelica,Suor Angelica Senza mamma o bimbo tu sei morto,1,aria,22
6,Tosca,Tosca Mario Mario son qui!,1.06,duet,22
41,Tosca,Tosca Mario Cavaradossi?,3.02,duet,22
311,La Traviata,La Traviata No non udrai rimproveri,2.13-3 ,duet,22
661,Die Walküre,Die Walküre Du bist der Lenz,1.09,aria,23
599,Don Giovanni,Don Giovanni Leporello!,2.01-2 ,recitative,23
600,Don Giovanni,Don Giovanni Ah! taci ingiusto core,2.02-1 ,trio,23
201,Rigoletto,Rigoletto Duca Duca?,3.02-1 ,,23
4,Tosca,Tosca Gente la dentro!,1.04-2 ,recitative,23
448,La Clemenza di Tito,La Clemenza di Tito Overture,1.01,instrumental,24
92,Aida,Aida Se quel guerrier io fossi,1.03-1 ,recitative,24
63,Carmen,Carmen Pres des remparts de Seville,1.12,aria,24
517,Falstaff,Falstaff E sogno? o realta?,2.05-1 ,aria,24
307,La Traviata,La Traviata Che fai?..nulla,2.11,duet,24
53,Carmen,Carmen Sur la place,1.02,"aria,choir",24
301,La Traviata,La Traviata Non sapete quale affetto,2.05-1 ,duet,24
303,La Traviata,La Traviata Un di quando le veneri,2.06-1 ,duet,24
309,La Traviata,La Traviata Di provenza il mar il suol,2.13-1 ,aria,24
312,La Traviata,La Traviata Noi siamo zingarelle,2.15,choir,24
298,La Traviata,La Traviata Alfredo? per parigi or partiva,2.03-1 ,aria,24
607,Don Giovanni,Don Giovanni Sola sola in buio loco,2.08,sextet,25
101,Aida,Aida Ritorna vincitor,1.10-1 ,aria,25
102,Aida,Aida Possente Ftha,1.11,aria,25
104,Aida,Aida Mortal diletto ai Numi,1.13,aria,25
78,Carmen,Carmen Melons! coupons!,3.03,trio,25
692,Iolanta,Iolanta Atchevo eta prezhde ne znala,1.03,aria,25
296,La Traviata,La Traviata Annina donde vieni,2.02-2 ,quartet,25
297,La Traviata,La Traviata O mio rimorso!,2.02-3 ,aria,25
196,Rigoletto,Rigoletto Gualtier malde..,2.08-1 ,,25
536,Falstaff,Falstaff Dal labbro il canto estasiato vola,3.06-1 ,aria,25
97,Aida,Aida Alta cagion v'aduna,1.07,aria,26
150,Aida,Aida Radames Radames Radames!,4.09,recitative,26
288,La Traviata,La Traviata Ebben..? che diavol fate,1.06,trio,26
91,Aida,Aida Si corre voce che l'Etiope,1.02,recitative,27
55,Carmen,Carmen Avec la garde montante,1.04,choir,27
426,La Fille du régiment,La Fille du régiment Pour mon ame,1,aria,27
720,Götterdammerung,Götterdammerung Trauermarsch,,,27
73,Carmen,Carmen La fleur que tu m'avais jetee,2.09,aria,27
290,La Traviata,La Traviata E strano! e strano!,1.08,recitative,27
294,La Traviata,La Traviata Lunge da lei,2.01,aria,27
34,Tosca,Tosca Vissi d'arte vissi d'amore,2.14-1 ,aria,27
295,La Traviata,La Traviata De miei bollenti spiriti,2.02-1 ,aria,27
42,Tosca,Tosca E lucevan le stelle,3.03,aria,27
159,La Bohème,La Bohème Mi chiamano Mimì,,aria,28
236,Otello,Otello Gia nella notte densa,1.09-1 ,duet,28
238,Otello,Otello Venga la morte,1.10-1 ,duet,28
212,Rigoletto,Rigoletto Bella figlia dell'amore,4.04,quartet,28
622,Don Giovanni,Don Giovanni Don Giovanni a cenar teco,2.20,recitative,29
160,La Bohème,La Bohème Quando men vo,,aria,29
292,La Traviata,La Traviata Follie! follie! delirio vano e questo,1.10,recitative,29
308,La Traviata,La Traviata Amami Alfredo,2.12-1 ,duet,29
636,Les (The Pearl Fishers) Pêcheurs de perles,Les (The Pearl Fishers) Pêcheurs de perles Je crois entendre encore,1.11,aria,29
700,Iolanta,Iolanta Ne tarapis,1.11,aria,3
705,Iolanta,Iolanta Iolanta! Gde ty?,1.16,ensemble,3
697,Iolanta,"Iolanta Gaspot'moj, jesli greshen ja",1.08,aria,3
695,Iolanta,"Iolanta Spi, pust'Ang'ely krylami navevajut sny",1.06,"quartet,choir",3
694,Iolanta,"Iolanta Brigitta, eta ty?",1.05,recitative,3
693,Iolanta,"Iolanta Polna, ni nada, radnaja",1.04,"recitative,choir",3
328,Adriana Lecouvreur,Adriana Lecouvreur Michonnet della biacca,1.01,recitative,3
671,Die Walküre,Die Walküre O sag kunde,2.10,recitative,3
669,Die Walküre,Die Walküre Was keinem in Worten ich kunde,2.08,aria,3
668,Die Walküre,Die Walküre Schlimm furcht ich,2.07,recitative,3
709,Iolanta,Iolanta Gde ja?,1.20,duet,3
710,Iolanta,"Iolanta Blagoj velikij, neizmennyj",1.21,ensemble,3
696,Iolanta,Iolanta Prizyvnyj rok...,1.07,recitative,3
673,Die Walküre,Die Walküre Siegmund sieh auf mich,2.12,recitative,3
699,Iolanta,Iolanta Dva mira plotskij i duhovnyj,1.10,aria,3
630,Les (The Pearl Fishers) Pêcheurs de perles,Les (The Pearl Fishers) Pêcheurs de perles Mais qui vient la,1.03-2 ,"recitative,choir",3
645,Les (The Pearl Fishers) Pêcheurs de perles,Les (The Pearl Fishers) Pêcheurs de perles L'orage s'est calme,3.01-1 ,aria,3
687,Siegfried,Siegfried Als zullendes Kind,1.01,aria,3
684,Siegfried,Siegfried Siegfrieds Heldentat,,instrumental,3
226,Otello,Otello No non temer,,,3
223,Otello,Otello Deh! calma o ciel,,,3
277,Otello,Otello Diceste questa sera le vostre,4.05-2 ,recitative,3
641,Les (The Pearl Fishers) Pêcheurs de perles,Les (The Pearl Fishers) Pêcheurs de perles De mon amie fleur endormie,2.03,aria,3
638,Les (The Pearl Fishers) Pêcheurs de perles,Les (The Pearl Fishers) Pêcheurs de perles O Dieu Brahma,1.13,aria,3
637,Les (The Pearl Fishers) Pêcheurs de perles,Les (The Pearl Fishers) Pêcheurs de perles Le ciel est bleu,1.12,duet,3
634,Les (The Pearl Fishers) Pêcheurs de perles,Les (The Pearl Fishers) Pêcheurs de perles Seule au milieu de nous,1.09,,3
631,Les (The Pearl Fishers) Pêcheurs de perles,Les (The Pearl Fishers) Pêcheurs de perles Demeure parmi nous Nadir,1.04,,3
633,Les (The Pearl Fishers) Pêcheurs de perles,Les (The Pearl Fishers) Pêcheurs de perles Que vois je?,1.07,,3
283,La Traviata,La Traviata Dell invito trascorsa e gia l'ora,1.02,"aria,choir",3
225,Otello,Otello Nessun maggior dolore,,aria,3
660,Die Walküre,Die Walküre Winterstürme wichen dem Wonnemond,1.08,aria,30
287,La Traviata,La Traviata Un di felice eterea,1.05-2,duet,31
275,Otello,Otello Ave Maria piena di grazia,4.04,aria,31
52,Carmen,Carmen Overture,1.01,instrumental,33
550,Samson et Dalila,Samson et Dalila Bacchanale,,instrumental,33
112,Aida,Aida Marcia trionfale,2.08-1 ,instrumental,35
367,Die Zauberflöte,Die Zauberflöte Overture,1.01,instrumental,35
413,Die Zauberflöte,Die Zauberflöte Papagena Papagena Papagena!,2.30,quartet,35
210,Rigoletto,Rigoletto La donna e mobile,4.02,aria,35
282,La Traviata,La Traviata Overture,1.01,instrumental,36
165,La fanciulla del West,,,,38
284,La Traviata,La Traviata Libiamo ne lieti calici,1.03,"duet,choir",38
164,Marnie,,,,38
166,Marnie,,,,38
163,La fanciulla del West,,,,38
657,Die Walküre,Die Walküre Friedmund darf ich nicht heissen,1.04-2 ,aria,4
666,Die Walküre,Die Walküre So ist denn aus,2.05,aria,4
108,Aida,Aida Fu la sorte dell'armi a tuoi funesta,2.04-2 ,duet,4
152,Aida,Aida Sacerdoti compiste un delitto,4.10-2 ,aria,4
655,Die Walküre,Die Walküre Was Herd dies auch sei,1.02,recitative,4
665,Die Walküre,Die Walküre Der alte Sturm,2.04,recitative,4
733,Das Rheingold,Das Rheingold Weiche Wotan weiche,1,aria,4
667,Die Walküre,Die Walküre Nichts lerntest du,2.06,recitative,4
723,Götterdammerung,Götterdammerung Zu neuen Taten,1,,4
728,Götterdammerung,Götterdammerung Fliegt heim ihr Raben,3.03,aria,4
628,Les (The Pearl Fishers) Pêcheurs de perles,Les (The Pearl Fishers) Pêcheurs de perles Sur la greve en feu,1.02,choir,4
189,Rigoletto,Rigoletto Deh! non parlare al misero,2.04-1 ,duet,4
504,Falstaff,Falstaff In due parole,1.08,"recitative,ensemble",4
724,Götterdammerung,Götterdammerung Heilige Gotter,2,,4
330,Adriana Lecouvreur,Adriana Lecouvreur Io son l'umile ancella,1.04-2 ,aria,40
157,La Bohème,La Bohème Che gelida manina,,aria,41
68,Carmen,"Carmen Votre toast, je peux vous le rendre (Toreador Song)",2.04,aria,42
437,La Fille du régiment,La Fille du régiment Ah! mes amis,1.14,aria,44
561,Samson et Dalila,Samson et Dalila Mon coeur s'ouvre a ta voix,2,aria,44
729,Das Rheingold,Das Rheingold Das Rheingold,,instrumental,45
58,Carmen,Carmen L'amour est un oiseau rebelle (Habanera),1.07,aria,45
579,Don Giovanni,Don Giovanni La ci darem la mano,1.12,duet,45
731,Das Rheingold,Das Rheingold Walhall,,instrumental,45
181,Rigoletto,Rigoletto Questa o quella,1.03,aria,46
488,La Clemenza di Tito,La Clemenza di Tito Non piu di fiori,2.21,aria,47
396,Die Zauberflöte,Die Zauberflöte Der hölle Rache,2.11,aria,48
541,Falstaff,Falstaff Sul fil d'un soffio etesio,3.09,aria,5
100,Aida,Aida Su del Nilo al sacro lido 1,1.09,recitative,5
734,Das Rheingold,Das Rheingold Overture,1.01,instrumental,5
737,Das Rheingold,Das Rheingold Bin ich nun frei,4,aria,5
656,Die Walküre,Die Walküre Mud am Herd,1.03,recitative,5
670,Die Walküre,Die Walküre Ein andres ist's,2.09,aria,5
540,Falstaff,Falstaff Ninfe! Elfi! Silfi!,3.08,recitative,5
509,Falstaff,Falstaff Del tuo barbaro diagnostico,1.11,"recitative,ensemble",5
438,La Fille du régiment,La Fille du régiment Pour me rapprocher de Marie,2,aria,5
203,Rigoletto,Rigoletto Povero Rigoletto la ra,3.03,quartet,5
562,Samson et Dalila,Samson et Dalila Vois ma misere helas,3,recitative,5
682,Siegfried,Siegfried Hoho Schmiede mein Hammer,,,5
25,Tosca,Tosca Orsu Tosca parlate,2.07,duet,5
30,Tosca,Tosca Quanto quanto ..il prezzo,2.12-1 ,duet,5
40,Tosca,Tosca Io de sospiri,3.01,choir,5
249,Otello,Otello Tu indietro fuggi,2.12,aria,5
601,Don Giovanni,Don Giovanni Eccomi a voi,2.03,recitative,6
409,Die Zauberflöte,Die Zauberflöte Du also bist mein Brautigam,2.26,aria,6
662,Die Walküre,Die Walküre O susseste Wonne,1.10,recitative,6
610,Don Giovanni,Don Giovanni Ah! pieta Signori miei,2.10-2 ,aria,6
134,Aida,Aida Aida tu non m'ami,3.12,recitative,6
110,Aida,Aida Su del Nilo al sacro lido 2,2.06-1 ,recitative,6
605,Don Giovanni,Don Giovanni Ahi! ahi la testa mia,2.07-1 ,recitative,6
730,Das Rheingold,Das Rheingold Nibelheim,,instrumental,6
276,Otello,Otello Chi e la Otello,4.05-1 ,recitative,6
569,Don Giovanni,Don Giovanni Ma qual mai s'offre oh Dei,1.04-2 ,recitative,6
16,Tosca,Tosca Or tutto e chiaro,1.16,recitative,6
501,Falstaff,Falstaff Fulgida Alice amor t'offro,1.06,"recitative,ensemble",6
29,Tosca,Tosca Vittoria Vittoria!,2.11,recitative,6
21,Tosca,Tosca O galantuomo,2.03,recitative,6
38,Tosca,Tosca E qual via scegliete?,2.17,recitative,6
560,Samson et Dalila,Samson et Dalila Il faut pour assouvir ma haine,2,duet,6
551,Samson et Dalila,Samson et Dalila J'ai gravi la montagne,,,6
439,La Fille du régiment,La Fille du régiment Salut a la France,2,aria,6
500,Falstaff,Falstaff Alice Meg Nannetta,1.05,recitative,6
246,Otello,Otello D'un uom che geme,2.08-2 ,recitative,7
333,Adriana Lecouvreur,Adriana Lecouvreur La dolcissima effigie,1.09,aria,7
126,Aida,Aida In armi ora si desta il popol nostro,3.07-1 ,recitative,7
151,Aida,Aida A lui vivo la tomba,4.10-1 ,recitative,7
587,Don Giovanni,Don Giovanni Come mai creder deggio,1.18-1 ,"recitative,aria",7
565,Don Giovanni,Don Giovanni Non sperar se non m'uccidi,1.02-2 ,recitative,7
435,La Fille du régiment,La Fille du régiment Rataplan,1.12,choir,7
604,Don Giovanni,Don Giovanni Meta di voi qua vadano,2.05-3 ,aria,7
613,Don Giovanni,Don Giovanni In quali eccessi o numi,2.12-3 ,recitative,7
623,Don Giovanni,Don Giovanni Ah! dove il perfido,2.21,recitative,7
444,La Fille du régiment,La Fille du régiment Tous les trois reunis,2.07,trio,7
319,La Traviata,La Traviata Teneste la promessa,3.03,aria,7
220,Otello,Otello Assisa a pie d'un salice,,,7
732,Das Rheingold,Das Rheingold Abendlich strahlt der Sonne Auge,1,aria,7
272,Otello,Otello Era piu calmo,4.01,recitative,7
627,Dialogues Carmelites,Dialogues Carmelites Salve Regina,3,,7
176,Pelléas et Melisande,Pelléas et Melisande Je ne pourrai plus sortir de cette foret,1,aria,7
247,Otello,Otello Se inconscia contro te sposo,2.09-1 ,recitative,7
251,Otello,Otello Oh! mostruosa colpa,2.16,recitative,7
253,Otello,Otello La vedetta del porto,3.01,recitative,7
255,Otello,Otello Dio ti giocondi o sposo,3.03,,7
49,Tosca,Tosca Come e lunga l'attesa,3.10,aria,7
281,Otello,Otello Niun mi tema,4.07-2 ,aria,7
256,Otello,Otello Esterrefatta fisso,3.04,aria,7
177,Pelléas et Melisande,Pelléas et Melisande Voici ce qu'il écrit a son frere Pelleas,1,aria,7
554,Samson et Dalila,Samson et Dalila Je viens celebrer la victoire,1,trio,7
555,Samson et Dalila,Samson et Dalila L'as tu donc oublie?,1,aria,7
5,Tosca,Tosca Voi Cavaradossi,1.05,recitative,7
44,Tosca,Tosca Il tuo sangue o il mio amore,3.05,aria,7
248,Otello,Otello Desdemona rea,2.11,recitative,7
558,Samson et Dalila,Samson et Dalila Qui donc elève ici la voix?,1,aria,7
574,Don Giovanni,Don Giovanni In questa forma dunque,1.08-1 ,recitative,8
598,Don Giovanni,Don Giovanni Eh! via buffone,2.01-1 ,duet,8
356,Adriana Lecouvreur,Adriana Lecouvreur E quella dama al certo,3.07,recitative,8
119,Aida,Aida Gloria all Egitto ad Iside 2,2.16,"choir,ensemble",8
147,Aida,Aida E la morte un ben supremo,4.06,duet,8
154,Aida,Aida Vedi di morte l'angelo,4.14,aria,8
245,Otello,Otello Dove guardi splendono,2.07,choir,8
146,Aida,Aida Chi ti salva sciagurato,4.05,aria,8
300,La Traviata,La Traviata Pura siccome un angelo,2.04,duet,8
243,Otello,Otello Cio m'accora,2.05,recitative,8
252,Otello,Otello Si per ciel marmoreo giuro,2.17,duet,8
257,Otello,Otello Dio mi potevi scagliar tutti i mali,3.06-1 ,aria,8
552,Samson et Dalila,Samson et Dalila Arretez o mes freres,1,aria,8
620,Don Giovanni,Don Giovanni Gia la mensa e preparata,2.18,recitative,8
614,Don Giovanni,Don Giovanni Mi tradi quell'alma ingrata,2.13,aria,8
140,Aida,Aida Traditor la mia rival,3.16-1 ,recitative,9
137,Aida,Aida Ma dimmi,3.14-1 ,recitative,9
136,Aida,Aida Nella terra avventurata,3.13-2 ,aria,9
135,Aida,Aida Ah! no fuggiamo,3.13-1 ,aria,9
130,Aida,Aida Nel fiero anelito di nuova guerra,3.10-1 ,aria,9
131,Aida,Aida Ne d'Amneris paventi,3.10-2 ,aria,9
582,Don Giovanni,Don Giovanni Mi par ch'oggi il demonio,1.15,recitative,9
128,Aida,Aida Pieta pieta pieta,3.07-3 ,recitative,9
8,Tosca,Tosca Non la sospiri la nostra casetta,1.08,aria,9
133,Aida,Aida Sovra una terra estrania,3.11-2 ,aria,9
576,Don Giovanni,Don Giovanni Manco male e partita,1.09,recitative,9
194,Rigoletto,Rigoletto E il sol dell'anima,2.06-3 ,duet,9
422,La Fille du régiment,La Fille du régiment Au bruit de la guerre,1,aria,9
234,Otello,Otello Capitano v'attende la fazione,1.07,recitative,9
609,Don Giovanni,Don Giovanni Dunque quello sei tu,2.10-1 ,recitative,9
427,La Fille du régiment,La Fille du régiment Pour une femme de mon nom,1,aria,9
320,La Traviata,La Traviata Addio del passato bei sogni ridenti,3.04,aria,9
490,La Clemenza di Tito,La Clemenza di Tito Sesto de tuoi delitti,2.23,recitative,9
487,La Clemenza di Tito,La Clemenza di Tito Ecco il punto,2.20,aria,9
619,Don Giovanni,Don Giovanni Non mi dir bell'idol mio,2.17-2 ,aria,9
612,Don Giovanni,Don Giovanni Per queste tue manine,2.12-2 ,duet,9
584,Don Giovanni,Don Giovanni Don Ottavio son morta,1.17-1 ,"recitative,aria",9
586,Don Giovanni,Don Giovanni Or sai chi l'onore,1.17-3 ,aria,9
13,Tosca,Tosca Tutta qui la cantoria,1.13,"recitative,choir",9
