opera1,track_1,track_2,track_3,track_4,track_5,youtube_1,youtube_2,youtube_3,youtube_4,youtube_5,act_1,act_2,act_3,act_4,act_5
Adriana_Lecouvreur1,Io son l'umile ancella,L'anima ho stanca,Acerba volutta,E quella dama al certo,La dolcissima effigie,http://www.youtube.com/watch?v=ImawQV8c8yg,http://www.youtube.com/watch?v=JA094MjJ_P8,http://www.youtube.com/watch?v=BArzd1wOicg,http://www.youtube.com/watch?v=ybX4wlFdgUQ,http://www.youtube.com/watch?v=mEuRpxsEAaA,1.04-2 ,2.03,2.01,3.07,1.09
Adriana_Lecouvreur2,Io son l'umile ancella,L'anima ho stanca,Acerba volutta,E quella dama al certo,La dolcissima effigie,http://www.youtube.com/watch?v=ImawQV8c8yg,http://www.youtube.com/watch?v=JA094MjJ_P8,http://www.youtube.com/watch?v=BArzd1wOicg,http://www.youtube.com/watch?v=ybX4wlFdgUQ,http://www.youtube.com/watch?v=mEuRpxsEAaA,1.04-2 ,2.03,2.01,3.07,1.09
Adriana_Lecouvreur3,Io son l'umile ancella,L'anima ho stanca,Acerba volutta,E quella dama al certo,La dolcissima effigie,http://www.youtube.com/watch?v=ImawQV8c8yg,http://www.youtube.com/watch?v=JA094MjJ_P8,http://www.youtube.com/watch?v=BArzd1wOicg,http://www.youtube.com/watch?v=ybX4wlFdgUQ,http://www.youtube.com/watch?v=mEuRpxsEAaA,1.04-2 ,2.03,2.01,3.07,1.09
Adriana_Lecouvreur4,Io son l'umile ancella,L'anima ho stanca,Acerba volutta,E quella dama al certo,La dolcissima effigie,http://www.youtube.com/watch?v=ImawQV8c8yg,http://www.youtube.com/watch?v=JA094MjJ_P8,http://www.youtube.com/watch?v=BArzd1wOicg,http://www.youtube.com/watch?v=ybX4wlFdgUQ,http://www.youtube.com/watch?v=mEuRpxsEAaA,1.04-2 ,2.03,2.01,3.07,1.09
Adriana_Lecouvreur5,Io son l'umile ancella,L'anima ho stanca,Acerba volutta,E quella dama al certo,La dolcissima effigie,http://www.youtube.com/watch?v=ImawQV8c8yg,http://www.youtube.com/watch?v=JA094MjJ_P8,http://www.youtube.com/watch?v=BArzd1wOicg,http://www.youtube.com/watch?v=ybX4wlFdgUQ,http://www.youtube.com/watch?v=mEuRpxsEAaA,1.04-2 ,2.03,2.01,3.07,1.09
Adriana_Lecouvreur6,Io son l'umile ancella,L'anima ho stanca,Acerba volutta,E quella dama al certo,La dolcissima effigie,http://www.youtube.com/watch?v=ImawQV8c8yg,http://www.youtube.com/watch?v=JA094MjJ_P8,http://www.youtube.com/watch?v=BArzd1wOicg,http://www.youtube.com/watch?v=ybX4wlFdgUQ,http://www.youtube.com/watch?v=mEuRpxsEAaA,1.04-2 ,2.03,2.01,3.07,1.09
Adriana_Lecouvreur7,Io son l'umile ancella,L'anima ho stanca,Acerba volutta,E quella dama al certo,La dolcissima effigie,http://www.youtube.com/watch?v=ImawQV8c8yg,http://www.youtube.com/watch?v=JA094MjJ_P8,http://www.youtube.com/watch?v=BArzd1wOicg,http://www.youtube.com/watch?v=ybX4wlFdgUQ,http://www.youtube.com/watch?v=mEuRpxsEAaA,1.04-2 ,2.03,2.01,3.07,1.09
Adriana_Lecouvreur8,Io son l'umile ancella,L'anima ho stanca,Acerba volutta,E quella dama al certo,La dolcissima effigie,http://www.youtube.com/watch?v=ImawQV8c8yg,http://www.youtube.com/watch?v=JA094MjJ_P8,http://www.youtube.com/watch?v=BArzd1wOicg,http://www.youtube.com/watch?v=ybX4wlFdgUQ,http://www.youtube.com/watch?v=mEuRpxsEAaA,1.04-2 ,2.03,2.01,3.07,1.09
Aida1,Marcia trionfale,Si corre voce che l'Etiope,Alta cagion v'aduna,Radames Radames Radames!,Ritorna vincitor,http://www.youtube.com/watch?v=AssDQbaIP_I,http://www.youtube.com/watch?v=WJOj0i_3Qcs,http://www.youtube.com/watch?v=lhxxpYTT81k,http://www.youtube.com/watch?v=VbSL6C0JQYQ,http://www.youtube.com/watch?v=sg6ESlimzQU,2.08-1 ,1.02,1.07,4.09,1.10-1 
Aida10,Marcia trionfale,Si corre voce che l'Etiope,Alta cagion v'aduna,Radames Radames Radames!,Ritorna vincitor,http://www.youtube.com/watch?v=AssDQbaIP_I,http://www.youtube.com/watch?v=WJOj0i_3Qcs,http://www.youtube.com/watch?v=lhxxpYTT81k,http://www.youtube.com/watch?v=VbSL6C0JQYQ,http://www.youtube.com/watch?v=sg6ESlimzQU,2.08-1 ,1.02,1.07,4.09,1.10-1 
Aida11,Marcia trionfale,Si corre voce che l'Etiope,Alta cagion v'aduna,Radames Radames Radames!,Ritorna vincitor,http://www.youtube.com/watch?v=AssDQbaIP_I,http://www.youtube.com/watch?v=WJOj0i_3Qcs,http://www.youtube.com/watch?v=lhxxpYTT81k,http://www.youtube.com/watch?v=VbSL6C0JQYQ,http://www.youtube.com/watch?v=sg6ESlimzQU,2.08-1 ,1.02,1.07,4.09,1.10-1 
Aida12,Marcia trionfale,Si corre voce che l'Etiope,Alta cagion v'aduna,Radames Radames Radames!,Ritorna vincitor,http://www.youtube.com/watch?v=AssDQbaIP_I,http://www.youtube.com/watch?v=WJOj0i_3Qcs,http://www.youtube.com/watch?v=lhxxpYTT81k,http://www.youtube.com/watch?v=VbSL6C0JQYQ,http://www.youtube.com/watch?v=sg6ESlimzQU,2.08-1 ,1.02,1.07,4.09,1.10-1 
Aida13,Marcia trionfale,Si corre voce che l'Etiope,Alta cagion v'aduna,Radames Radames Radames!,Ritorna vincitor,http://www.youtube.com/watch?v=AssDQbaIP_I,http://www.youtube.com/watch?v=WJOj0i_3Qcs,http://www.youtube.com/watch?v=lhxxpYTT81k,http://www.youtube.com/watch?v=VbSL6C0JQYQ,http://www.youtube.com/watch?v=sg6ESlimzQU,2.08-1 ,1.02,1.07,4.09,1.10-1 
Aida14,Marcia trionfale,Si corre voce che l'Etiope,Alta cagion v'aduna,Radames Radames Radames!,Ritorna vincitor,http://www.youtube.com/watch?v=AssDQbaIP_I,http://www.youtube.com/watch?v=WJOj0i_3Qcs,http://www.youtube.com/watch?v=lhxxpYTT81k,http://www.youtube.com/watch?v=VbSL6C0JQYQ,http://www.youtube.com/watch?v=sg6ESlimzQU,2.08-1 ,1.02,1.07,4.09,1.10-1 
Aida2,Marcia trionfale,Si corre voce che l'Etiope,Alta cagion v'aduna,Radames Radames Radames!,Ritorna vincitor,http://www.youtube.com/watch?v=AssDQbaIP_I,http://www.youtube.com/watch?v=WJOj0i_3Qcs,http://www.youtube.com/watch?v=lhxxpYTT81k,http://www.youtube.com/watch?v=VbSL6C0JQYQ,http://www.youtube.com/watch?v=sg6ESlimzQU,2.08-1 ,1.02,1.07,4.09,1.10-1 
Aida3,Marcia trionfale,Si corre voce che l'Etiope,Alta cagion v'aduna,Radames Radames Radames!,Ritorna vincitor,http://www.youtube.com/watch?v=AssDQbaIP_I,http://www.youtube.com/watch?v=WJOj0i_3Qcs,http://www.youtube.com/watch?v=lhxxpYTT81k,http://www.youtube.com/watch?v=VbSL6C0JQYQ,http://www.youtube.com/watch?v=sg6ESlimzQU,2.08-1 ,1.02,1.07,4.09,1.10-1 
Aida4,Marcia trionfale,Si corre voce che l'Etiope,Alta cagion v'aduna,Radames Radames Radames!,Ritorna vincitor,http://www.youtube.com/watch?v=AssDQbaIP_I,http://www.youtube.com/watch?v=WJOj0i_3Qcs,http://www.youtube.com/watch?v=lhxxpYTT81k,http://www.youtube.com/watch?v=VbSL6C0JQYQ,http://www.youtube.com/watch?v=sg6ESlimzQU,2.08-1 ,1.02,1.07,4.09,1.10-1 
Aida5,Marcia trionfale,Si corre voce che l'Etiope,Alta cagion v'aduna,Radames Radames Radames!,Ritorna vincitor,http://www.youtube.com/watch?v=AssDQbaIP_I,http://www.youtube.com/watch?v=WJOj0i_3Qcs,http://www.youtube.com/watch?v=lhxxpYTT81k,http://www.youtube.com/watch?v=VbSL6C0JQYQ,http://www.youtube.com/watch?v=sg6ESlimzQU,2.08-1 ,1.02,1.07,4.09,1.10-1 
Aida6,Marcia trionfale,Si corre voce che l'Etiope,Alta cagion v'aduna,Radames Radames Radames!,Ritorna vincitor,http://www.youtube.com/watch?v=AssDQbaIP_I,http://www.youtube.com/watch?v=WJOj0i_3Qcs,http://www.youtube.com/watch?v=lhxxpYTT81k,http://www.youtube.com/watch?v=VbSL6C0JQYQ,http://www.youtube.com/watch?v=sg6ESlimzQU,2.08-1 ,1.02,1.07,4.09,1.10-1 
Aida7,Marcia trionfale,Si corre voce che l'Etiope,Alta cagion v'aduna,Radames Radames Radames!,Ritorna vincitor,http://www.youtube.com/watch?v=AssDQbaIP_I,http://www.youtube.com/watch?v=WJOj0i_3Qcs,http://www.youtube.com/watch?v=lhxxpYTT81k,http://www.youtube.com/watch?v=VbSL6C0JQYQ,http://www.youtube.com/watch?v=sg6ESlimzQU,2.08-1 ,1.02,1.07,4.09,1.10-1 
Aida8,Marcia trionfale,Si corre voce che l'Etiope,Alta cagion v'aduna,Radames Radames Radames!,Ritorna vincitor,http://www.youtube.com/watch?v=AssDQbaIP_I,http://www.youtube.com/watch?v=WJOj0i_3Qcs,http://www.youtube.com/watch?v=lhxxpYTT81k,http://www.youtube.com/watch?v=VbSL6C0JQYQ,http://www.youtube.com/watch?v=sg6ESlimzQU,2.08-1 ,1.02,1.07,4.09,1.10-1 
Aida9,Marcia trionfale,Si corre voce che l'Etiope,Alta cagion v'aduna,Radames Radames Radames!,Ritorna vincitor,http://www.youtube.com/watch?v=AssDQbaIP_I,http://www.youtube.com/watch?v=WJOj0i_3Qcs,http://www.youtube.com/watch?v=lhxxpYTT81k,http://www.youtube.com/watch?v=VbSL6C0JQYQ,http://www.youtube.com/watch?v=sg6ESlimzQU,2.08-1 ,1.02,1.07,4.09,1.10-1 
Carmen1,L'amour est un oiseau rebelle (Habanera),"Votre toast, je peux vous le rendre (Toreador Song)",Overture,Avec la garde montante,La fleur que tu m'avais jetee,http://www.youtube.com/watch?v=K2snTkaD64U,http://www.youtube.com/watch?v=2fDkxQBjgFU,http://www.youtube.com/watch?v=pmuFOuh3QHs,http://www.youtube.com/watch?v=nf_2cu_i34U,http://www.youtube.com/watch?v=P0tUnqvRanM,1.07,2.04,1.01,1.04,2.09
Carmen10,L'amour est un oiseau rebelle (Habanera),"Votre toast, je peux vous le rendre (Toreador Song)",Overture,Avec la garde montante,La fleur que tu m'avais jetee,http://www.youtube.com/watch?v=K2snTkaD64U,http://www.youtube.com/watch?v=2fDkxQBjgFU,http://www.youtube.com/watch?v=pmuFOuh3QHs,http://www.youtube.com/watch?v=nf_2cu_i34U,http://www.youtube.com/watch?v=P0tUnqvRanM,1.07,2.04,1.01,1.04,2.09
Carmen11,L'amour est un oiseau rebelle (Habanera),"Votre toast, je peux vous le rendre (Toreador Song)",Overture,Avec la garde montante,La fleur que tu m'avais jetee,http://www.youtube.com/watch?v=K2snTkaD64U,http://www.youtube.com/watch?v=2fDkxQBjgFU,http://www.youtube.com/watch?v=pmuFOuh3QHs,http://www.youtube.com/watch?v=nf_2cu_i34U,http://www.youtube.com/watch?v=P0tUnqvRanM,1.07,2.04,1.01,1.04,2.09
Carmen12,L'amour est un oiseau rebelle (Habanera),"Votre toast, je peux vous le rendre (Toreador Song)",Overture,Avec la garde montante,La fleur que tu m'avais jetee,http://www.youtube.com/watch?v=K2snTkaD64U,http://www.youtube.com/watch?v=2fDkxQBjgFU,http://www.youtube.com/watch?v=pmuFOuh3QHs,http://www.youtube.com/watch?v=nf_2cu_i34U,http://www.youtube.com/watch?v=P0tUnqvRanM,1.07,2.04,1.01,1.04,2.09
Carmen13,L'amour est un oiseau rebelle (Habanera),"Votre toast, je peux vous le rendre (Toreador Song)",Overture,Avec la garde montante,La fleur que tu m'avais jetee,http://www.youtube.com/watch?v=K2snTkaD64U,http://www.youtube.com/watch?v=2fDkxQBjgFU,http://www.youtube.com/watch?v=pmuFOuh3QHs,http://www.youtube.com/watch?v=nf_2cu_i34U,http://www.youtube.com/watch?v=P0tUnqvRanM,1.07,2.04,1.01,1.04,2.09
Carmen14,L'amour est un oiseau rebelle (Habanera),"Votre toast, je peux vous le rendre (Toreador Song)",Overture,Avec la garde montante,La fleur que tu m'avais jetee,http://www.youtube.com/watch?v=K2snTkaD64U,http://www.youtube.com/watch?v=2fDkxQBjgFU,http://www.youtube.com/watch?v=pmuFOuh3QHs,http://www.youtube.com/watch?v=nf_2cu_i34U,http://www.youtube.com/watch?v=P0tUnqvRanM,1.07,2.04,1.01,1.04,2.09
Carmen2,L'amour est un oiseau rebelle (Habanera),"Votre toast, je peux vous le rendre (Toreador Song)",Overture,Avec la garde montante,La fleur que tu m'avais jetee,http://www.youtube.com/watch?v=K2snTkaD64U,http://www.youtube.com/watch?v=2fDkxQBjgFU,http://www.youtube.com/watch?v=pmuFOuh3QHs,http://www.youtube.com/watch?v=nf_2cu_i34U,http://www.youtube.com/watch?v=P0tUnqvRanM,1.07,2.04,1.01,1.04,2.09
Carmen3,L'amour est un oiseau rebelle (Habanera),"Votre toast, je peux vous le rendre (Toreador Song)",Overture,Avec la garde montante,La fleur que tu m'avais jetee,http://www.youtube.com/watch?v=K2snTkaD64U,http://www.youtube.com/watch?v=2fDkxQBjgFU,http://www.youtube.com/watch?v=pmuFOuh3QHs,http://www.youtube.com/watch?v=nf_2cu_i34U,http://www.youtube.com/watch?v=P0tUnqvRanM,1.07,2.04,1.01,1.04,2.09
Carmen4,L'amour est un oiseau rebelle (Habanera),"Votre toast, je peux vous le rendre (Toreador Song)",Overture,Avec la garde montante,La fleur que tu m'avais jetee,http://www.youtube.com/watch?v=K2snTkaD64U,http://www.youtube.com/watch?v=2fDkxQBjgFU,http://www.youtube.com/watch?v=pmuFOuh3QHs,http://www.youtube.com/watch?v=nf_2cu_i34U,http://www.youtube.com/watch?v=P0tUnqvRanM,1.07,2.04,1.01,1.04,2.09
Carmen5,L'amour est un oiseau rebelle (Habanera),"Votre toast, je peux vous le rendre (Toreador Song)",Overture,Avec la garde montante,La fleur que tu m'avais jetee,http://www.youtube.com/watch?v=K2snTkaD64U,http://www.youtube.com/watch?v=2fDkxQBjgFU,http://www.youtube.com/watch?v=pmuFOuh3QHs,http://www.youtube.com/watch?v=nf_2cu_i34U,http://www.youtube.com/watch?v=P0tUnqvRanM,1.07,2.04,1.01,1.04,2.09
Carmen6,L'amour est un oiseau rebelle (Habanera),"Votre toast, je peux vous le rendre (Toreador Song)",Overture,Avec la garde montante,La fleur que tu m'avais jetee,http://www.youtube.com/watch?v=K2snTkaD64U,http://www.youtube.com/watch?v=2fDkxQBjgFU,http://www.youtube.com/watch?v=pmuFOuh3QHs,http://www.youtube.com/watch?v=nf_2cu_i34U,http://www.youtube.com/watch?v=P0tUnqvRanM,1.07,2.04,1.01,1.04,2.09
Carmen7,L'amour est un oiseau rebelle (Habanera),"Votre toast, je peux vous le rendre (Toreador Song)",Overture,Avec la garde montante,La fleur que tu m'avais jetee,http://www.youtube.com/watch?v=K2snTkaD64U,http://www.youtube.com/watch?v=2fDkxQBjgFU,http://www.youtube.com/watch?v=pmuFOuh3QHs,http://www.youtube.com/watch?v=nf_2cu_i34U,http://www.youtube.com/watch?v=P0tUnqvRanM,1.07,2.04,1.01,1.04,2.09
Carmen8,L'amour est un oiseau rebelle (Habanera),"Votre toast, je peux vous le rendre (Toreador Song)",Overture,Avec la garde montante,La fleur que tu m'avais jetee,http://www.youtube.com/watch?v=K2snTkaD64U,http://www.youtube.com/watch?v=2fDkxQBjgFU,http://www.youtube.com/watch?v=pmuFOuh3QHs,http://www.youtube.com/watch?v=nf_2cu_i34U,http://www.youtube.com/watch?v=P0tUnqvRanM,1.07,2.04,1.01,1.04,2.09
Carmen9,L'amour est un oiseau rebelle (Habanera),"Votre toast, je peux vous le rendre (Toreador Song)",Overture,Avec la garde montante,La fleur que tu m'avais jetee,http://www.youtube.com/watch?v=K2snTkaD64U,http://www.youtube.com/watch?v=2fDkxQBjgFU,http://www.youtube.com/watch?v=pmuFOuh3QHs,http://www.youtube.com/watch?v=nf_2cu_i34U,http://www.youtube.com/watch?v=P0tUnqvRanM,1.07,2.04,1.01,1.04,2.09
Das_Rheingold1,Das Rheingold,Walhall,Abendlich strahlt der Sonne Auge,Nibelheim,Overture,http://www.youtube.com/watch?v=meGuEnjERxc,http://www.youtube.com/watch?v=b80Jw8MuZxo,http://www.youtube.com/watch?v=zB53Tg1_EdQ,http://www.youtube.com/watch?v=LQ3q3LyjnmA,http://www.youtube.com/watch?v=wiyoLa9z1ao,,,1,,1.01
Dialogues_Carmelites1,Salve Regina,Soeur Blanche de l'Agonie du Christ,Ave Maria,Pensez a la mort de notre chère mère,Dialogues des Carmèlites,http://www.youtube.com/watch?v=5zIVNSJNLno,http://www.youtube.com/watch?v=VrW995Z0DJs,http://www.youtube.com/watch?v=PUddIT7woMA,http://www.youtube.com/watch?v=MZ7E1lV-v0o,http://www.youtube.com/watch?v=yCnfrVbTxwk,3,1,2, , 
Dialogues_Carmelites2,Salve Regina,Soeur Blanche de l'Agonie du Christ,Ave Maria,Pensez a la mort de notre chère mère,Dialogues des Carmèlites,http://www.youtube.com/watch?v=5zIVNSJNLno,http://www.youtube.com/watch?v=VrW995Z0DJs,http://www.youtube.com/watch?v=PUddIT7woMA,http://www.youtube.com/watch?v=MZ7E1lV-v0o,http://www.youtube.com/watch?v=yCnfrVbTxwk,3,1,2, , 
Dialogues_Carmelites3,Salve Regina,Soeur Blanche de l'Agonie du Christ,Ave Maria,Pensez a la mort de notre chère mère,Dialogues des Carmèlites,http://www.youtube.com/watch?v=5zIVNSJNLno,http://www.youtube.com/watch?v=VrW995Z0DJs,http://www.youtube.com/watch?v=PUddIT7woMA,http://www.youtube.com/watch?v=MZ7E1lV-v0o,http://www.youtube.com/watch?v=yCnfrVbTxwk,3,1,2, , 
Die_Walküre1,Winterstürme wichen dem Wonnemond,Du bist der Lenz,Overture,Siegmund heiss ich,Leb wohl du kühnes herrliches Kind,http://www.youtube.com/watch?v=Ukufk2YUVKY,http://www.youtube.com/watch?v=NB5e62wSjEQ,http://www.youtube.com/watch?v=ncbHEKkdxIM,http://www.youtube.com/watch?v=vaBuZ42lTss,http://www.youtube.com/watch?v=4tDP-K1dQ-M,1.08,1.09,1.01,1.11,3.06
Die_Walküre2,Winterstürme wichen dem Wonnemond,Du bist der Lenz,Overture,Siegmund heiss ich,Leb wohl du kühnes herrliches Kind,http://www.youtube.com/watch?v=Ukufk2YUVKY,http://www.youtube.com/watch?v=NB5e62wSjEQ,http://www.youtube.com/watch?v=ncbHEKkdxIM,http://www.youtube.com/watch?v=vaBuZ42lTss,http://www.youtube.com/watch?v=4tDP-K1dQ-M,1.08,1.09,1.01,1.11,3.06
Die_Walküre3,Winterstürme wichen dem Wonnemond,Du bist der Lenz,Overture,Siegmund heiss ich,Leb wohl du kühnes herrliches Kind,http://www.youtube.com/watch?v=Ukufk2YUVKY,http://www.youtube.com/watch?v=NB5e62wSjEQ,http://www.youtube.com/watch?v=ncbHEKkdxIM,http://www.youtube.com/watch?v=vaBuZ42lTss,http://www.youtube.com/watch?v=4tDP-K1dQ-M,1.08,1.09,1.01,1.11,3.06
Die_Walküre4,Winterstürme wichen dem Wonnemond,Du bist der Lenz,Overture,Siegmund heiss ich,Leb wohl du kühnes herrliches Kind,http://www.youtube.com/watch?v=Ukufk2YUVKY,http://www.youtube.com/watch?v=NB5e62wSjEQ,http://www.youtube.com/watch?v=ncbHEKkdxIM,http://www.youtube.com/watch?v=vaBuZ42lTss,http://www.youtube.com/watch?v=4tDP-K1dQ-M,1.08,1.09,1.01,1.11,3.06
Die_Walküre5,Winterstürme wichen dem Wonnemond,Du bist der Lenz,Overture,Siegmund heiss ich,Leb wohl du kühnes herrliches Kind,http://www.youtube.com/watch?v=Ukufk2YUVKY,http://www.youtube.com/watch?v=NB5e62wSjEQ,http://www.youtube.com/watch?v=ncbHEKkdxIM,http://www.youtube.com/watch?v=vaBuZ42lTss,http://www.youtube.com/watch?v=4tDP-K1dQ-M,1.08,1.09,1.01,1.11,3.06
Die_Zauberflöte1,Der hölle Rache,Overture,Papagena Papagena Papagena!,Zu hilfe zu hilfe!,Der Vogelfänger bin ich ja,http://www.youtube.com/watch?v=JzFi-7H9TKs,http://www.youtube.com/watch?v=s2Gedb05J5M,http://www.youtube.com/watch?v=87UE2GC5db0,http://www.youtube.com/watch?v=61eIRl8BQFY,http://www.youtube.com/watch?v=DpMCRXyW7nk,2.11,1.01,2.3,1.02,1.04
Die_Zauberflöte2,Der hölle Rache,Overture,Papagena Papagena Papagena!,Zu hilfe zu hilfe!,Der Vogelfänger bin ich ja,http://www.youtube.com/watch?v=JzFi-7H9TKs,http://www.youtube.com/watch?v=s2Gedb05J5M,http://www.youtube.com/watch?v=87UE2GC5db0,http://www.youtube.com/watch?v=61eIRl8BQFY,http://www.youtube.com/watch?v=DpMCRXyW7nk,2.11,1.01,2.3,1.02,1.04
Die_Zauberflöte3,Der hölle Rache,Overture,Papagena Papagena Papagena!,Zu hilfe zu hilfe!,Der Vogelfänger bin ich ja,http://www.youtube.com/watch?v=JzFi-7H9TKs,http://www.youtube.com/watch?v=s2Gedb05J5M,http://www.youtube.com/watch?v=87UE2GC5db0,http://www.youtube.com/watch?v=61eIRl8BQFY,http://www.youtube.com/watch?v=DpMCRXyW7nk,2.11,1.01,2.3,1.02,1.04
Die_Zauberflöte4,Der hölle Rache,Overture,Papagena Papagena Papagena!,Zu hilfe zu hilfe!,Der Vogelfänger bin ich ja,http://www.youtube.com/watch?v=JzFi-7H9TKs,http://www.youtube.com/watch?v=s2Gedb05J5M,http://www.youtube.com/watch?v=87UE2GC5db0,http://www.youtube.com/watch?v=61eIRl8BQFY,http://www.youtube.com/watch?v=DpMCRXyW7nk,2.11,1.01,2.3,1.02,1.04
Die_Zauberflöte5,Der hölle Rache,Overture,Papagena Papagena Papagena!,Zu hilfe zu hilfe!,Der Vogelfänger bin ich ja,http://www.youtube.com/watch?v=JzFi-7H9TKs,http://www.youtube.com/watch?v=s2Gedb05J5M,http://www.youtube.com/watch?v=87UE2GC5db0,http://www.youtube.com/watch?v=61eIRl8BQFY,http://www.youtube.com/watch?v=DpMCRXyW7nk,2.11,1.01,2.3,1.02,1.04
Die_Zauberflöte6,Der hölle Rache,Overture,Papagena Papagena Papagena!,Zu hilfe zu hilfe!,Der Vogelfänger bin ich ja,http://www.youtube.com/watch?v=JzFi-7H9TKs,http://www.youtube.com/watch?v=s2Gedb05J5M,http://www.youtube.com/watch?v=87UE2GC5db0,http://www.youtube.com/watch?v=61eIRl8BQFY,http://www.youtube.com/watch?v=DpMCRXyW7nk,2.11,1.01,2.3,1.02,1.04
Die_Zauberflöte7,Der hölle Rache,Overture,Papagena Papagena Papagena!,Zu hilfe zu hilfe!,Der Vogelfänger bin ich ja,http://www.youtube.com/watch?v=JzFi-7H9TKs,http://www.youtube.com/watch?v=s2Gedb05J5M,http://www.youtube.com/watch?v=87UE2GC5db0,http://www.youtube.com/watch?v=61eIRl8BQFY,http://www.youtube.com/watch?v=DpMCRXyW7nk,2.11,1.01,2.3,1.02,1.04
Die_Zauberflöte8,Der hölle Rache,Overture,Papagena Papagena Papagena!,Zu hilfe zu hilfe!,Der Vogelfänger bin ich ja,http://www.youtube.com/watch?v=JzFi-7H9TKs,http://www.youtube.com/watch?v=s2Gedb05J5M,http://www.youtube.com/watch?v=87UE2GC5db0,http://www.youtube.com/watch?v=61eIRl8BQFY,http://www.youtube.com/watch?v=DpMCRXyW7nk,2.11,1.01,2.3,1.02,1.04
Don_Giovanni1,La ci darem la mano,Don Giovanni a cenar teco,Sola sola in buio loco,Leporello!,Ah! taci ingiusto core,http://www.youtube.com/watch?v=iJnJjpMdT3Y,http://www.youtube.com/watch?v=RzQMtnjiceY,http://www.youtube.com/watch?v=PaUSkXQZZ_s,http://www.youtube.com/watch?v=INF9r5jju0A,http://www.youtube.com/watch?v=1IwaqfepCgc,1.12,2.2,2.08,2.01-2 ,2.02-1 
Don_Giovanni2,La ci darem la mano,Don Giovanni a cenar teco,Sola sola in buio loco,Leporello!,Ah! taci ingiusto core,http://www.youtube.com/watch?v=iJnJjpMdT3Y,http://www.youtube.com/watch?v=RzQMtnjiceY,http://www.youtube.com/watch?v=PaUSkXQZZ_s,http://www.youtube.com/watch?v=INF9r5jju0A,http://www.youtube.com/watch?v=1IwaqfepCgc,1.12,2.2,2.08,2.01-2 ,2.02-1 
Don_Giovanni3,La ci darem la mano,Don Giovanni a cenar teco,Sola sola in buio loco,Leporello!,Ah! taci ingiusto core,http://www.youtube.com/watch?v=iJnJjpMdT3Y,http://www.youtube.com/watch?v=RzQMtnjiceY,http://www.youtube.com/watch?v=PaUSkXQZZ_s,http://www.youtube.com/watch?v=INF9r5jju0A,http://www.youtube.com/watch?v=1IwaqfepCgc,1.12,2.2,2.08,2.01-2 ,2.02-1 
Don_Giovanni4,La ci darem la mano,Don Giovanni a cenar teco,Sola sola in buio loco,Leporello!,Ah! taci ingiusto core,http://www.youtube.com/watch?v=iJnJjpMdT3Y,http://www.youtube.com/watch?v=RzQMtnjiceY,http://www.youtube.com/watch?v=PaUSkXQZZ_s,http://www.youtube.com/watch?v=INF9r5jju0A,http://www.youtube.com/watch?v=1IwaqfepCgc,1.12,2.2,2.08,2.01-2 ,2.02-1 
Don_Giovanni5,La ci darem la mano,Don Giovanni a cenar teco,Sola sola in buio loco,Leporello!,Ah! taci ingiusto core,http://www.youtube.com/watch?v=iJnJjpMdT3Y,http://www.youtube.com/watch?v=RzQMtnjiceY,http://www.youtube.com/watch?v=PaUSkXQZZ_s,http://www.youtube.com/watch?v=INF9r5jju0A,http://www.youtube.com/watch?v=1IwaqfepCgc,1.12,2.2,2.08,2.01-2 ,2.02-1 
Don_Giovanni6,La ci darem la mano,Don Giovanni a cenar teco,Sola sola in buio loco,Leporello!,Ah! taci ingiusto core,http://www.youtube.com/watch?v=iJnJjpMdT3Y,http://www.youtube.com/watch?v=RzQMtnjiceY,http://www.youtube.com/watch?v=PaUSkXQZZ_s,http://www.youtube.com/watch?v=INF9r5jju0A,http://www.youtube.com/watch?v=1IwaqfepCgc,1.12,2.2,2.08,2.01-2 ,2.02-1 
Don_Giovanni7,La ci darem la mano,Don Giovanni a cenar teco,Sola sola in buio loco,Leporello!,Ah! taci ingiusto core,http://www.youtube.com/watch?v=iJnJjpMdT3Y,http://www.youtube.com/watch?v=RzQMtnjiceY,http://www.youtube.com/watch?v=PaUSkXQZZ_s,http://www.youtube.com/watch?v=INF9r5jju0A,http://www.youtube.com/watch?v=1IwaqfepCgc,1.12,2.2,2.08,2.01-2 ,2.02-1 
Don_Giovanni8,La ci darem la mano,Don Giovanni a cenar teco,Sola sola in buio loco,Leporello!,Ah! taci ingiusto core,http://www.youtube.com/watch?v=iJnJjpMdT3Y,http://www.youtube.com/watch?v=RzQMtnjiceY,http://www.youtube.com/watch?v=PaUSkXQZZ_s,http://www.youtube.com/watch?v=INF9r5jju0A,http://www.youtube.com/watch?v=1IwaqfepCgc,1.12,2.2,2.08,2.01-2 ,2.02-1 
Don_Giovanni9,La ci darem la mano,Don Giovanni a cenar teco,Sola sola in buio loco,Leporello!,Ah! taci ingiusto core,http://www.youtube.com/watch?v=iJnJjpMdT3Y,http://www.youtube.com/watch?v=RzQMtnjiceY,http://www.youtube.com/watch?v=PaUSkXQZZ_s,http://www.youtube.com/watch?v=INF9r5jju0A,http://www.youtube.com/watch?v=1IwaqfepCgc,1.12,2.2,2.08,2.01-2 ,2.02-1 
Don_Giovanni10,La ci darem la mano,Don Giovanni a cenar teco,Sola sola in buio loco,Leporello!,Ah! taci ingiusto core,http://www.youtube.com/watch?v=iJnJjpMdT3Y,http://www.youtube.com/watch?v=RzQMtnjiceY,http://www.youtube.com/watch?v=PaUSkXQZZ_s,http://www.youtube.com/watch?v=INF9r5jju0A,http://www.youtube.com/watch?v=1IwaqfepCgc,1.12,2.2,2.08,2.01-2 ,2.02-1 
Don_Giovanni11,La ci darem la mano,Don Giovanni a cenar teco,Sola sola in buio loco,Leporello!,Ah! taci ingiusto core,http://www.youtube.com/watch?v=iJnJjpMdT3Y,http://www.youtube.com/watch?v=RzQMtnjiceY,http://www.youtube.com/watch?v=PaUSkXQZZ_s,http://www.youtube.com/watch?v=INF9r5jju0A,http://www.youtube.com/watch?v=1IwaqfepCgc,1.12,2.2,2.08,2.01-2 ,2.02-1 
Don_Giovanni12,La ci darem la mano,Don Giovanni a cenar teco,Sola sola in buio loco,Leporello!,Ah! taci ingiusto core,http://www.youtube.com/watch?v=iJnJjpMdT3Y,http://www.youtube.com/watch?v=RzQMtnjiceY,http://www.youtube.com/watch?v=PaUSkXQZZ_s,http://www.youtube.com/watch?v=INF9r5jju0A,http://www.youtube.com/watch?v=1IwaqfepCgc,1.12,2.2,2.08,2.01-2 ,2.02-1 
Falstaff1,Dal labbro il canto estasiato vola,E sogno? o realta?,Tutto nel mondo e burla,Ah! Ah! Ah! Ah!,Fulgida Alice amor t'offro,http://www.youtube.com/watch?v=MtnLbOA_abA,http://www.youtube.com/watch?v=6Jigx8fzP2o,http://www.youtube.com/watch?v=eZOClxjcSYg,http://www.youtube.com/watch?v=4FcaQrfCHPw,http://www.youtube.com/watch?v=dzIaqx9opX8,3.06-1 ,2.05-1 ,3.15-2 ,3.14,1.06
Falstaff2,Dal labbro il canto estasiato vola,E sogno? o realta?,Tutto nel mondo e burla,Ah! Ah! Ah! Ah!,Fulgida Alice amor t'offro,http://www.youtube.com/watch?v=MtnLbOA_abA,http://www.youtube.com/watch?v=6Jigx8fzP2o,http://www.youtube.com/watch?v=eZOClxjcSYg,http://www.youtube.com/watch?v=4FcaQrfCHPw,http://www.youtube.com/watch?v=dzIaqx9opX8,3.06-1 ,2.05-1 ,3.15-2 ,3.14,1.06
Falstaff3,Dal labbro il canto estasiato vola,E sogno? o realta?,Tutto nel mondo e burla,Ah! Ah! Ah! Ah!,Fulgida Alice amor t'offro,http://www.youtube.com/watch?v=MtnLbOA_abA,http://www.youtube.com/watch?v=6Jigx8fzP2o,http://www.youtube.com/watch?v=eZOClxjcSYg,http://www.youtube.com/watch?v=4FcaQrfCHPw,http://www.youtube.com/watch?v=dzIaqx9opX8,3.06-1 ,2.05-1 ,3.15-2 ,3.14,1.06
Falstaff4,Dal labbro il canto estasiato vola,E sogno? o realta?,Tutto nel mondo e burla,Ah! Ah! Ah! Ah!,Fulgida Alice amor t'offro,http://www.youtube.com/watch?v=MtnLbOA_abA,http://www.youtube.com/watch?v=6Jigx8fzP2o,http://www.youtube.com/watch?v=eZOClxjcSYg,http://www.youtube.com/watch?v=4FcaQrfCHPw,http://www.youtube.com/watch?v=dzIaqx9opX8,3.06-1 ,2.05-1 ,3.15-2 ,3.14,1.06
Falstaff5,Dal labbro il canto estasiato vola,E sogno? o realta?,Tutto nel mondo e burla,Ah! Ah! Ah! Ah!,Fulgida Alice amor t'offro,http://www.youtube.com/watch?v=MtnLbOA_abA,http://www.youtube.com/watch?v=6Jigx8fzP2o,http://www.youtube.com/watch?v=eZOClxjcSYg,http://www.youtube.com/watch?v=4FcaQrfCHPw,http://www.youtube.com/watch?v=dzIaqx9opX8,3.06-1 ,2.05-1 ,3.15-2 ,3.14,1.06
Falstaff6,Dal labbro il canto estasiato vola,E sogno? o realta?,Tutto nel mondo e burla,Ah! Ah! Ah! Ah!,Fulgida Alice amor t'offro,http://www.youtube.com/watch?v=MtnLbOA_abA,http://www.youtube.com/watch?v=6Jigx8fzP2o,http://www.youtube.com/watch?v=eZOClxjcSYg,http://www.youtube.com/watch?v=4FcaQrfCHPw,http://www.youtube.com/watch?v=dzIaqx9opX8,3.06-1 ,2.05-1 ,3.15-2 ,3.14,1.06
Falstaff7,Dal labbro il canto estasiato vola,E sogno? o realta?,Tutto nel mondo e burla,Ah! Ah! Ah! Ah!,Fulgida Alice amor t'offro,http://www.youtube.com/watch?v=MtnLbOA_abA,http://www.youtube.com/watch?v=6Jigx8fzP2o,http://www.youtube.com/watch?v=eZOClxjcSYg,http://www.youtube.com/watch?v=4FcaQrfCHPw,http://www.youtube.com/watch?v=dzIaqx9opX8,3.06-1 ,2.05-1 ,3.15-2 ,3.14,1.06
Götterdämmerung1,Finale,Siegfried's Funeral March,Prologue,Brünnhilde's Immolation,Waltraute's Plea,http://www.youtube.com/watch?v=pzpXh99ROLM,http://www.youtube.com/watch?v=a53s4jyCqqU,http://www.youtube.com/watch?v=ifPEx6rAFFs,http://www.youtube.com/watch?v=2JgMt8GWdyU,http://www.youtube.com/watch?v=OK3PGtKb3ww,3,3,1,3,3
Götterdämmerung2,Finale,Siegfried's Funeral March,Prologue,Brünnhilde's Immolation,Waltraute's Plea,http://www.youtube.com/watch?v=pzpXh99ROLM,http://www.youtube.com/watch?v=a53s4jyCqqU,http://www.youtube.com/watch?v=ifPEx6rAFFs,http://www.youtube.com/watch?v=2JgMt8GWdyU,http://www.youtube.com/watch?v=OK3PGtKb3ww,3,3,1,3,3
Iolanta1,Atchevo eta prezhde ne znala,"Spi, pust'Ang'ely krylami navevajut sny","Gaspot'moj, jesli greshen ja",Ne tarapis,Iolanta! Gde ty?,http://www.youtube.com/watch?v=vWyuvjECZ4w,http://www.youtube.com/watch?v=5c3iJVCQRhY,http://www.youtube.com/watch?v=VXQdgffxJpc,http://www.youtube.com/watch?v=8feiR5q85-c,http://www.youtube.com/watch?v=5HtlESy8K9E,1.03,1.06,1.08,1.11,1.16
Iolanta2,Atchevo eta prezhde ne znala,"Spi, pust'Ang'ely krylami navevajut sny","Gaspot'moj, jesli greshen ja",Ne tarapis,Iolanta! Gde ty?,http://www.youtube.com/watch?v=vWyuvjECZ4w,http://www.youtube.com/watch?v=5c3iJVCQRhY,http://www.youtube.com/watch?v=VXQdgffxJpc,http://www.youtube.com/watch?v=8feiR5q85-c,http://www.youtube.com/watch?v=5HtlESy8K9E,1.03,1.06,1.08,1.11,1.16
Iolanta3,Atchevo eta prezhde ne znala,"Spi, pust'Ang'ely krylami navevajut sny","Gaspot'moj, jesli greshen ja",Ne tarapis,Iolanta! Gde ty?,http://www.youtube.com/watch?v=vWyuvjECZ4w,http://www.youtube.com/watch?v=5c3iJVCQRhY,http://www.youtube.com/watch?v=VXQdgffxJpc,http://www.youtube.com/watch?v=8feiR5q85-c,http://www.youtube.com/watch?v=5HtlESy8K9E,1.03,1.06,1.08,1.11,1.16
Iolanta4,Atchevo eta prezhde ne znala,"Spi, pust'Ang'ely krylami navevajut sny","Gaspot'moj, jesli greshen ja",Ne tarapis,Iolanta! Gde ty?,http://www.youtube.com/watch?v=vWyuvjECZ4w,http://www.youtube.com/watch?v=5c3iJVCQRhY,http://www.youtube.com/watch?v=VXQdgffxJpc,http://www.youtube.com/watch?v=8feiR5q85-c,http://www.youtube.com/watch?v=5HtlESy8K9E,1.03,1.06,1.08,1.11,1.16
Iolanta5,Atchevo eta prezhde ne znala,"Spi, pust'Ang'ely krylami navevajut sny","Gaspot'moj, jesli greshen ja",Ne tarapis,Iolanta! Gde ty?,http://www.youtube.com/watch?v=vWyuvjECZ4w,http://www.youtube.com/watch?v=5c3iJVCQRhY,http://www.youtube.com/watch?v=VXQdgffxJpc,http://www.youtube.com/watch?v=8feiR5q85-c,http://www.youtube.com/watch?v=5HtlESy8K9E,1.03,1.06,1.08,1.11,1.16
Iolanta6,Atchevo eta prezhde ne znala,"Spi, pust'Ang'ely krylami navevajut sny","Gaspot'moj, jesli greshen ja",Ne tarapis,Iolanta! Gde ty?,http://www.youtube.com/watch?v=vWyuvjECZ4w,http://www.youtube.com/watch?v=5c3iJVCQRhY,http://www.youtube.com/watch?v=VXQdgffxJpc,http://www.youtube.com/watch?v=8feiR5q85-c,http://www.youtube.com/watch?v=5HtlESy8K9E,1.03,1.06,1.08,1.11,1.16
La_Bohème1,Che gelida manina,Quando men vo,Mi chiamano Mimì,Donde lieta usci,"Vecchia zimarra, senti",http://www.youtube.com/watch?v=OkHGUaB1Bs8,http://www.youtube.com/watch?v=m1_BKpgUG4I,http://www.youtube.com/watch?v=UgaN3vIqJUY,http://www.youtube.com/watch?v=gWItqcoF5R8,http://www.youtube.com/watch?v=ArYceMAJiH8,,,,,
La_Bohème10,Che gelida manina,Quando men vo,Mi chiamano Mimì,Donde lieta usci,"Vecchia zimarra, senti",http://www.youtube.com/watch?v=OkHGUaB1Bs8,http://www.youtube.com/watch?v=m1_BKpgUG4I,http://www.youtube.com/watch?v=UgaN3vIqJUY,http://www.youtube.com/watch?v=gWItqcoF5R8,http://www.youtube.com/watch?v=ArYceMAJiH8,,,,,
La_Bohème11,Che gelida manina,Quando men vo,Mi chiamano Mimì,Donde lieta usci,"Vecchia zimarra, senti",http://www.youtube.com/watch?v=OkHGUaB1Bs8,http://www.youtube.com/watch?v=m1_BKpgUG4I,http://www.youtube.com/watch?v=UgaN3vIqJUY,http://www.youtube.com/watch?v=gWItqcoF5R8,http://www.youtube.com/watch?v=ArYceMAJiH8,,,,,
La_Bohème2,Che gelida manina,Quando men vo,Mi chiamano Mimì,Donde lieta usci,"Vecchia zimarra, senti",http://www.youtube.com/watch?v=OkHGUaB1Bs8,http://www.youtube.com/watch?v=m1_BKpgUG4I,http://www.youtube.com/watch?v=UgaN3vIqJUY,http://www.youtube.com/watch?v=gWItqcoF5R8,http://www.youtube.com/watch?v=ArYceMAJiH8,,,,,
La_Bohème3,Che gelida manina,Quando men vo,Mi chiamano Mimì,Donde lieta usci,"Vecchia zimarra, senti",http://www.youtube.com/watch?v=OkHGUaB1Bs8,http://www.youtube.com/watch?v=m1_BKpgUG4I,http://www.youtube.com/watch?v=UgaN3vIqJUY,http://www.youtube.com/watch?v=gWItqcoF5R8,http://www.youtube.com/watch?v=ArYceMAJiH8,,,,,
La_Bohème4,Che gelida manina,Quando men vo,Mi chiamano Mimì,Donde lieta usci,"Vecchia zimarra, senti",http://www.youtube.com/watch?v=OkHGUaB1Bs8,http://www.youtube.com/watch?v=m1_BKpgUG4I,http://www.youtube.com/watch?v=UgaN3vIqJUY,http://www.youtube.com/watch?v=gWItqcoF5R8,http://www.youtube.com/watch?v=ArYceMAJiH8,,,,,
La_Bohème5,Che gelida manina,Quando men vo,Mi chiamano Mimì,Donde lieta usci,"Vecchia zimarra, senti",http://www.youtube.com/watch?v=OkHGUaB1Bs8,http://www.youtube.com/watch?v=m1_BKpgUG4I,http://www.youtube.com/watch?v=UgaN3vIqJUY,http://www.youtube.com/watch?v=gWItqcoF5R8,http://www.youtube.com/watch?v=ArYceMAJiH8,,,,,
La_Bohème6,Che gelida manina,Quando men vo,Mi chiamano Mimì,Donde lieta usci,"Vecchia zimarra, senti",http://www.youtube.com/watch?v=OkHGUaB1Bs8,http://www.youtube.com/watch?v=m1_BKpgUG4I,http://www.youtube.com/watch?v=UgaN3vIqJUY,http://www.youtube.com/watch?v=gWItqcoF5R8,http://www.youtube.com/watch?v=ArYceMAJiH8,,,,,
La_Bohème7,Che gelida manina,Quando men vo,Mi chiamano Mimì,Donde lieta usci,"Vecchia zimarra, senti",http://www.youtube.com/watch?v=OkHGUaB1Bs8,http://www.youtube.com/watch?v=m1_BKpgUG4I,http://www.youtube.com/watch?v=UgaN3vIqJUY,http://www.youtube.com/watch?v=gWItqcoF5R8,http://www.youtube.com/watch?v=ArYceMAJiH8,,,,,
La_Bohème8,Che gelida manina,Quando men vo,Mi chiamano Mimì,Donde lieta usci,"Vecchia zimarra, senti",http://www.youtube.com/watch?v=OkHGUaB1Bs8,http://www.youtube.com/watch?v=m1_BKpgUG4I,http://www.youtube.com/watch?v=UgaN3vIqJUY,http://www.youtube.com/watch?v=gWItqcoF5R8,http://www.youtube.com/watch?v=ArYceMAJiH8,,,,,
La_Bohème9,Che gelida manina,Quando men vo,Mi chiamano Mimì,Donde lieta usci,"Vecchia zimarra, senti",http://www.youtube.com/watch?v=OkHGUaB1Bs8,http://www.youtube.com/watch?v=m1_BKpgUG4I,http://www.youtube.com/watch?v=UgaN3vIqJUY,http://www.youtube.com/watch?v=gWItqcoF5R8,http://www.youtube.com/watch?v=ArYceMAJiH8,,,,,
La_Clemenza_di_Tito1,Non piu di fiori,Overture,Del piu sublime soglio,Deh! per questo,Parto parto ma tu ben mio,http://www.youtube.com/watch?v=EWAZx9JHqAs,http://www.youtube.com/watch?v=zWH3G_wbhO0,http://www.youtube.com/watch?v=G32buVYqTe8,http://www.youtube.com/watch?v=wwdOPAuvUJs,http://www.youtube.com/watch?v=DaKX21earkk,2.21,1.01,1.13,2.15,1.19
La_Clemenza_di_Tito2,Non piu di fiori,Overture,Del piu sublime soglio,Deh! per questo,Parto parto ma tu ben mio,http://www.youtube.com/watch?v=EWAZx9JHqAs,http://www.youtube.com/watch?v=zWH3G_wbhO0,http://www.youtube.com/watch?v=G32buVYqTe8,http://www.youtube.com/watch?v=wwdOPAuvUJs,http://www.youtube.com/watch?v=DaKX21earkk,2.21,1.01,1.13,2.15,1.19
La_Clemenza_di_Tito3,Non piu di fiori,Overture,Del piu sublime soglio,Deh! per questo,Parto parto ma tu ben mio,http://www.youtube.com/watch?v=EWAZx9JHqAs,http://www.youtube.com/watch?v=zWH3G_wbhO0,http://www.youtube.com/watch?v=G32buVYqTe8,http://www.youtube.com/watch?v=wwdOPAuvUJs,http://www.youtube.com/watch?v=DaKX21earkk,2.21,1.01,1.13,2.15,1.19
La_Clemenza_di_Tito4,Non piu di fiori,Overture,Del piu sublime soglio,Deh! per questo,Parto parto ma tu ben mio,http://www.youtube.com/watch?v=EWAZx9JHqAs,http://www.youtube.com/watch?v=zWH3G_wbhO0,http://www.youtube.com/watch?v=G32buVYqTe8,http://www.youtube.com/watch?v=wwdOPAuvUJs,http://www.youtube.com/watch?v=DaKX21earkk,2.21,1.01,1.13,2.15,1.19
La_Clemenza_di_Tito5,Non piu di fiori,Overture,Del piu sublime soglio,Deh! per questo,Parto parto ma tu ben mio,http://www.youtube.com/watch?v=EWAZx9JHqAs,http://www.youtube.com/watch?v=zWH3G_wbhO0,http://www.youtube.com/watch?v=G32buVYqTe8,http://www.youtube.com/watch?v=wwdOPAuvUJs,http://www.youtube.com/watch?v=DaKX21earkk,2.21,1.01,1.13,2.15,1.19
La_Clemenza_di_Tito6,Non piu di fiori,Overture,Del piu sublime soglio,Deh! per questo,Parto parto ma tu ben mio,http://www.youtube.com/watch?v=EWAZx9JHqAs,http://www.youtube.com/watch?v=zWH3G_wbhO0,http://www.youtube.com/watch?v=G32buVYqTe8,http://www.youtube.com/watch?v=wwdOPAuvUJs,http://www.youtube.com/watch?v=DaKX21earkk,2.21,1.01,1.13,2.15,1.19
La_fanciulla_del_West1,Act II duet,Ch'ella mi creda libero e lontano,Card scene,Vieni fuori / Una parola Sola,Prelude,http://www.youtube.com/watch?v=FlN4EZDGNZ0,http://www.youtube.com/watch?v=5I9NRyramOY,http://www.youtube.com/watch?v=wsSLvovPDTc,http://www.youtube.com/watch?v=2qewBuVvSRI,http://www.youtube.com/watch?v=2pDwwt9JOns&start_radio=1&list=RD2pDwwt9JOns, , , , , 
La_fanciulla_del_West2,Act II duet,Ch'ella mi creda libero e lontano,Card scene,Vieni fuori / Una parola Sola,Prelude,http://www.youtube.com/watch?v=FlN4EZDGNZ0,http://www.youtube.com/watch?v=5I9NRyramOY,http://www.youtube.com/watch?v=wsSLvovPDTc,http://www.youtube.com/watch?v=2qewBuVvSRI,http://www.youtube.com/watch?v=2pDwwt9JOns&start_radio=1&list=RD2pDwwt9JOns, , , , , 
La_fanciulla_del_West3,Act II duet,Ch'ella mi creda libero e lontano,Card scene,Vieni fuori / Una parola Sola,Prelude,http://www.youtube.com/watch?v=FlN4EZDGNZ0,http://www.youtube.com/watch?v=5I9NRyramOY,http://www.youtube.com/watch?v=wsSLvovPDTc,http://www.youtube.com/watch?v=2qewBuVvSRI,http://www.youtube.com/watch?v=2pDwwt9JOns&start_radio=1&list=RD2pDwwt9JOns, , , , , 
La_fanciulla_del_West4,Act II duet,Ch'ella mi creda libero e lontano,Card scene,Vieni fuori / Una parola Sola,Prelude,http://www.youtube.com/watch?v=FlN4EZDGNZ0,http://www.youtube.com/watch?v=5I9NRyramOY,http://www.youtube.com/watch?v=wsSLvovPDTc,http://www.youtube.com/watch?v=2qewBuVvSRI,http://www.youtube.com/watch?v=2pDwwt9JOns&start_radio=1&list=RD2pDwwt9JOns, , , , , 
La_fanciulla_del_West5,Act II duet,Ch'ella mi creda libero e lontano,Card scene,Vieni fuori / Una parola Sola,Prelude,http://www.youtube.com/watch?v=FlN4EZDGNZ0,http://www.youtube.com/watch?v=5I9NRyramOY,http://www.youtube.com/watch?v=wsSLvovPDTc,http://www.youtube.com/watch?v=2qewBuVvSRI,http://www.youtube.com/watch?v=2pDwwt9JOns&start_radio=1&list=RD2pDwwt9JOns, , , , , 
La_fanciulla_del_West6,Act II duet,Ch'ella mi creda libero e lontano,Card scene,Vieni fuori / Una parola Sola,Prelude,http://www.youtube.com/watch?v=FlN4EZDGNZ0,http://www.youtube.com/watch?v=5I9NRyramOY,http://www.youtube.com/watch?v=wsSLvovPDTc,http://www.youtube.com/watch?v=2qewBuVvSRI,http://www.youtube.com/watch?v=2pDwwt9JOns&start_radio=1&list=RD2pDwwt9JOns, , , , , 
La_fanciulla_del_West7,Act II duet,Ch'ella mi creda libero e lontano,Card scene,Vieni fuori / Una parola Sola,Prelude,http://www.youtube.com/watch?v=FlN4EZDGNZ0,http://www.youtube.com/watch?v=5I9NRyramOY,http://www.youtube.com/watch?v=wsSLvovPDTc,http://www.youtube.com/watch?v=2qewBuVvSRI,http://www.youtube.com/watch?v=2pDwwt9JOns&start_radio=1&list=RD2pDwwt9JOns, , , , , 
La_Fille_du_régiment1,Ah! mes amis,Pour mon ame,Overture,Chacun le sait,Au bruit de la guerre,http://www.youtube.com/watch?v=ASXYB_TQjpc,http://www.youtube.com/watch?v=ASXYB_TQjpc,http://www.youtube.com/watch?v=Zai33OF2ick,http://www.youtube.com/watch?v=Ijdii2A5cCw,http://www.youtube.com/watch?v=499TQjLEbks,1.14,1,1.01,1,1
La_Fille_du_régiment2,Ah! mes amis,Pour mon ame,Overture,Chacun le sait,Au bruit de la guerre,http://www.youtube.com/watch?v=ASXYB_TQjpc,http://www.youtube.com/watch?v=ASXYB_TQjpc,http://www.youtube.com/watch?v=Zai33OF2ick,http://www.youtube.com/watch?v=Ijdii2A5cCw,http://www.youtube.com/watch?v=499TQjLEbks,1.14,1,1.01,1,1
La_Fille_du_régiment3,Ah! mes amis,Pour mon ame,Overture,Chacun le sait,Au bruit de la guerre,http://www.youtube.com/watch?v=ASXYB_TQjpc,http://www.youtube.com/watch?v=ASXYB_TQjpc,http://www.youtube.com/watch?v=Zai33OF2ick,http://www.youtube.com/watch?v=Ijdii2A5cCw,http://www.youtube.com/watch?v=499TQjLEbks,1.14,1,1.01,1,1
La_Fille_du_régiment4,Ah! mes amis,Pour mon ame,Overture,Chacun le sait,Au bruit de la guerre,http://www.youtube.com/watch?v=ASXYB_TQjpc,http://www.youtube.com/watch?v=ASXYB_TQjpc,http://www.youtube.com/watch?v=Zai33OF2ick,http://www.youtube.com/watch?v=Ijdii2A5cCw,http://www.youtube.com/watch?v=499TQjLEbks,1.14,1,1.01,1,1
La_Fille_du_régiment5,Ah! mes amis,Pour mon ame,Overture,Chacun le sait,Au bruit de la guerre,http://www.youtube.com/watch?v=ASXYB_TQjpc,http://www.youtube.com/watch?v=ASXYB_TQjpc,http://www.youtube.com/watch?v=Zai33OF2ick,http://www.youtube.com/watch?v=Ijdii2A5cCw,http://www.youtube.com/watch?v=499TQjLEbks,1.14,1,1.01,1,1
La_Fille_du_régiment6,Ah! mes amis,Pour mon ame,Overture,Chacun le sait,Au bruit de la guerre,http://www.youtube.com/watch?v=ASXYB_TQjpc,http://www.youtube.com/watch?v=ASXYB_TQjpc,http://www.youtube.com/watch?v=Zai33OF2ick,http://www.youtube.com/watch?v=Ijdii2A5cCw,http://www.youtube.com/watch?v=499TQjLEbks,1.14,1,1.01,1,1
La_Fille_du_régiment7,Ah! mes amis,Pour mon ame,Overture,Chacun le sait,Au bruit de la guerre,http://www.youtube.com/watch?v=ASXYB_TQjpc,http://www.youtube.com/watch?v=ASXYB_TQjpc,http://www.youtube.com/watch?v=Zai33OF2ick,http://www.youtube.com/watch?v=Ijdii2A5cCw,http://www.youtube.com/watch?v=499TQjLEbks,1.14,1,1.01,1,1
La_Traviata1,Libiamo ne lieti calici,Overture,Un di felice eterea,Follie! follie! delirio vano e questo,Amami Alfredo,http://www.youtube.com/watch?v=yRhdA1QLtQM,http://www.youtube.com/watch?v=jWX3Z56_iiA,http://www.youtube.com/watch?v=9yhFHoK5Adk,http://www.youtube.com/watch?v=0vF0xd9h63Y,http://www.youtube.com/watch?v=2G3bLB5LVIY,1.03,1.01,1.05-2,1.1,2.12-1 
La_Traviata10,Libiamo ne lieti calici,Overture,Un di felice eterea,Follie! follie! delirio vano e questo,Amami Alfredo,http://www.youtube.com/watch?v=yRhdA1QLtQM,http://www.youtube.com/watch?v=jWX3Z56_iiA,http://www.youtube.com/watch?v=9yhFHoK5Adk,http://www.youtube.com/watch?v=0vF0xd9h63Y,http://www.youtube.com/watch?v=2G3bLB5LVIY,1.03,1.01,1.05-2,1.1,2.12-1 
La_Traviata11,Libiamo ne lieti calici,Overture,Un di felice eterea,Follie! follie! delirio vano e questo,Amami Alfredo,http://www.youtube.com/watch?v=yRhdA1QLtQM,http://www.youtube.com/watch?v=jWX3Z56_iiA,http://www.youtube.com/watch?v=9yhFHoK5Adk,http://www.youtube.com/watch?v=0vF0xd9h63Y,http://www.youtube.com/watch?v=2G3bLB5LVIY,1.03,1.01,1.05-2,1.1,2.12-1 
La_Traviata12,Libiamo ne lieti calici,Overture,Un di felice eterea,Follie! follie! delirio vano e questo,Amami Alfredo,http://www.youtube.com/watch?v=yRhdA1QLtQM,http://www.youtube.com/watch?v=jWX3Z56_iiA,http://www.youtube.com/watch?v=9yhFHoK5Adk,http://www.youtube.com/watch?v=0vF0xd9h63Y,http://www.youtube.com/watch?v=2G3bLB5LVIY,1.03,1.01,1.05-2,1.1,2.12-1 
La_Traviata13,Libiamo ne lieti calici,Overture,Un di felice eterea,Follie! follie! delirio vano e questo,Amami Alfredo,http://www.youtube.com/watch?v=yRhdA1QLtQM,http://www.youtube.com/watch?v=jWX3Z56_iiA,http://www.youtube.com/watch?v=9yhFHoK5Adk,http://www.youtube.com/watch?v=0vF0xd9h63Y,http://www.youtube.com/watch?v=2G3bLB5LVIY,1.03,1.01,1.05-2,1.1,2.12-1 
La_Traviata14,Libiamo ne lieti calici,Overture,Un di felice eterea,Follie! follie! delirio vano e questo,Amami Alfredo,http://www.youtube.com/watch?v=yRhdA1QLtQM,http://www.youtube.com/watch?v=jWX3Z56_iiA,http://www.youtube.com/watch?v=9yhFHoK5Adk,http://www.youtube.com/watch?v=0vF0xd9h63Y,http://www.youtube.com/watch?v=2G3bLB5LVIY,1.03,1.01,1.05-2,1.1,2.12-1 
La_Traviata15,Libiamo ne lieti calici,Overture,Un di felice eterea,Follie! follie! delirio vano e questo,Amami Alfredo,http://www.youtube.com/watch?v=yRhdA1QLtQM,http://www.youtube.com/watch?v=jWX3Z56_iiA,http://www.youtube.com/watch?v=9yhFHoK5Adk,http://www.youtube.com/watch?v=0vF0xd9h63Y,http://www.youtube.com/watch?v=2G3bLB5LVIY,1.03,1.01,1.05-2,1.1,2.12-1 
La_Traviata2,Libiamo ne lieti calici,Overture,Un di felice eterea,Follie! follie! delirio vano e questo,Amami Alfredo,http://www.youtube.com/watch?v=yRhdA1QLtQM,http://www.youtube.com/watch?v=jWX3Z56_iiA,http://www.youtube.com/watch?v=9yhFHoK5Adk,http://www.youtube.com/watch?v=0vF0xd9h63Y,http://www.youtube.com/watch?v=2G3bLB5LVIY,1.03,1.01,1.05-2,1.1,2.12-1 
La_Traviata3,Libiamo ne lieti calici,Overture,Un di felice eterea,Follie! follie! delirio vano e questo,Amami Alfredo,http://www.youtube.com/watch?v=yRhdA1QLtQM,http://www.youtube.com/watch?v=jWX3Z56_iiA,http://www.youtube.com/watch?v=9yhFHoK5Adk,http://www.youtube.com/watch?v=0vF0xd9h63Y,http://www.youtube.com/watch?v=2G3bLB5LVIY,1.03,1.01,1.05-2,1.1,2.12-1 
La_Traviata4,Libiamo ne lieti calici,Overture,Un di felice eterea,Follie! follie! delirio vano e questo,Amami Alfredo,http://www.youtube.com/watch?v=yRhdA1QLtQM,http://www.youtube.com/watch?v=jWX3Z56_iiA,http://www.youtube.com/watch?v=9yhFHoK5Adk,http://www.youtube.com/watch?v=0vF0xd9h63Y,http://www.youtube.com/watch?v=2G3bLB5LVIY,1.03,1.01,1.05-2,1.1,2.12-1 
La_Traviata5,Libiamo ne lieti calici,Overture,Un di felice eterea,Follie! follie! delirio vano e questo,Amami Alfredo,http://www.youtube.com/watch?v=yRhdA1QLtQM,http://www.youtube.com/watch?v=jWX3Z56_iiA,http://www.youtube.com/watch?v=9yhFHoK5Adk,http://www.youtube.com/watch?v=0vF0xd9h63Y,http://www.youtube.com/watch?v=2G3bLB5LVIY,1.03,1.01,1.05-2,1.1,2.12-1 
La_Traviata6,Libiamo ne lieti calici,Overture,Un di felice eterea,Follie! follie! delirio vano e questo,Amami Alfredo,http://www.youtube.com/watch?v=yRhdA1QLtQM,http://www.youtube.com/watch?v=jWX3Z56_iiA,http://www.youtube.com/watch?v=9yhFHoK5Adk,http://www.youtube.com/watch?v=0vF0xd9h63Y,http://www.youtube.com/watch?v=2G3bLB5LVIY,1.03,1.01,1.05-2,1.1,2.12-1 
La_Traviata7,Libiamo ne lieti calici,Overture,Un di felice eterea,Follie! follie! delirio vano e questo,Amami Alfredo,http://www.youtube.com/watch?v=yRhdA1QLtQM,http://www.youtube.com/watch?v=jWX3Z56_iiA,http://www.youtube.com/watch?v=9yhFHoK5Adk,http://www.youtube.com/watch?v=0vF0xd9h63Y,http://www.youtube.com/watch?v=2G3bLB5LVIY,1.03,1.01,1.05-2,1.1,2.12-1 
La_Traviata8,Libiamo ne lieti calici,Overture,Un di felice eterea,Follie! follie! delirio vano e questo,Amami Alfredo,http://www.youtube.com/watch?v=yRhdA1QLtQM,http://www.youtube.com/watch?v=jWX3Z56_iiA,http://www.youtube.com/watch?v=9yhFHoK5Adk,http://www.youtube.com/watch?v=0vF0xd9h63Y,http://www.youtube.com/watch?v=2G3bLB5LVIY,1.03,1.01,1.05-2,1.1,2.12-1 
La_Traviata9,Libiamo ne lieti calici,Overture,Un di felice eterea,Follie! follie! delirio vano e questo,Amami Alfredo,http://www.youtube.com/watch?v=yRhdA1QLtQM,http://www.youtube.com/watch?v=jWX3Z56_iiA,http://www.youtube.com/watch?v=9yhFHoK5Adk,http://www.youtube.com/watch?v=0vF0xd9h63Y,http://www.youtube.com/watch?v=2G3bLB5LVIY,1.03,1.01,1.05-2,1.1,2.12-1 
Les_(The_Pearl_Fishers)_Pêcheurs_de_perles1,Je crois entendre encore,Au fond du temple saint,Sur la greve en feu,Mais qui vient la,L'orage s'est calme,http://www.youtube.com/watch?v=I4DsToj4Ilk,http://www.youtube.com/watch?v=4tLrPVkfCIQ,http://www.youtube.com/watch?v=csgt5pktsto,http://www.youtube.com/watch?v=5G1GqJI_Tw0,http://www.youtube.com/watch?v=iRNf7bbcKhA,1.11,1.06,1.02,1.03-2 ,3.01-1 
Les_(The_Pearl_Fishers)_Pêcheurs_de_perles2,Je crois entendre encore,Au fond du temple saint,Sur la greve en feu,Mais qui vient la,L'orage s'est calme,http://www.youtube.com/watch?v=I4DsToj4Ilk,http://www.youtube.com/watch?v=4tLrPVkfCIQ,http://www.youtube.com/watch?v=csgt5pktsto,http://www.youtube.com/watch?v=5G1GqJI_Tw0,http://www.youtube.com/watch?v=iRNf7bbcKhA,1.11,1.06,1.02,1.03-2 ,3.01-1 
Les_(The_Pearl_Fishers)_Pêcheurs_de_perles3,Je crois entendre encore,Au fond du temple saint,Sur la greve en feu,Mais qui vient la,L'orage s'est calme,http://www.youtube.com/watch?v=I4DsToj4Ilk,http://www.youtube.com/watch?v=4tLrPVkfCIQ,http://www.youtube.com/watch?v=csgt5pktsto,http://www.youtube.com/watch?v=5G1GqJI_Tw0,http://www.youtube.com/watch?v=iRNf7bbcKhA,1.11,1.06,1.02,1.03-2 ,3.01-1 
Les_(The_Pearl_Fishers)_Pêcheurs_de_perles4,Je crois entendre encore,Au fond du temple saint,Sur la greve en feu,Mais qui vient la,L'orage s'est calme,http://www.youtube.com/watch?v=I4DsToj4Ilk,http://www.youtube.com/watch?v=4tLrPVkfCIQ,http://www.youtube.com/watch?v=csgt5pktsto,http://www.youtube.com/watch?v=5G1GqJI_Tw0,http://www.youtube.com/watch?v=iRNf7bbcKhA,1.11,1.06,1.02,1.03-2 ,3.01-1 
Les_(The_Pearl_Fishers)_Pêcheurs_de_perles5,Je crois entendre encore,Au fond du temple saint,Sur la greve en feu,Mais qui vient la,L'orage s'est calme,http://www.youtube.com/watch?v=I4DsToj4Ilk,http://www.youtube.com/watch?v=4tLrPVkfCIQ,http://www.youtube.com/watch?v=csgt5pktsto,http://www.youtube.com/watch?v=5G1GqJI_Tw0,http://www.youtube.com/watch?v=iRNf7bbcKhA,1.11,1.06,1.02,1.03-2 ,3.01-1 
Les_(The_Pearl_Fishers)_Pêcheurs_de_perles6,Je crois entendre encore,Au fond du temple saint,Sur la greve en feu,Mais qui vient la,L'orage s'est calme,http://www.youtube.com/watch?v=I4DsToj4Ilk,http://www.youtube.com/watch?v=4tLrPVkfCIQ,http://www.youtube.com/watch?v=csgt5pktsto,http://www.youtube.com/watch?v=5G1GqJI_Tw0,http://www.youtube.com/watch?v=iRNf7bbcKhA,1.11,1.06,1.02,1.03-2 ,3.01-1 
Les_(The_Pearl_Fishers)_Pêcheurs_de_perles7,Je crois entendre encore,Au fond du temple saint,Sur la greve en feu,Mais qui vient la,L'orage s'est calme,http://www.youtube.com/watch?v=I4DsToj4Ilk,http://www.youtube.com/watch?v=4tLrPVkfCIQ,http://www.youtube.com/watch?v=csgt5pktsto,http://www.youtube.com/watch?v=5G1GqJI_Tw0,http://www.youtube.com/watch?v=iRNf7bbcKhA,1.11,1.06,1.02,1.03-2 ,3.01-1 
Marnie1,Intoduction to Marie at the Met,I wanted to save you,Terry and Marnie,Marnie Overview,Liar suire,http://www.youtube.com/watch?v=zjT_sgkfWi8,http://www.youtube.com/watch?v=-w3_m3k0AWk,http://www.youtube.com/watch?v=T235gSHCpK0,http://www.youtube.com/watch?v=1mGKyw0SK_I,http://www.youtube.com/watch?v=33GoyMq-M4w, , , , , 
Marnie2,Intoduction to Marie at the Met,I wanted to save you,Terry and Marnie,Marnie Overview,Liar suire,http://www.youtube.com/watch?v=zjT_sgkfWi8,http://www.youtube.com/watch?v=-w3_m3k0AWk,http://www.youtube.com/watch?v=T235gSHCpK0,http://www.youtube.com/watch?v=1mGKyw0SK_I,http://www.youtube.com/watch?v=33GoyMq-M4w, , , , , 
Marnie3,Intoduction to Marie at the Met,I wanted to save you,Terry and Marnie,Marnie Overview,Liar suire,http://www.youtube.com/watch?v=zjT_sgkfWi8,http://www.youtube.com/watch?v=-w3_m3k0AWk,http://www.youtube.com/watch?v=T235gSHCpK0,http://www.youtube.com/watch?v=1mGKyw0SK_I,http://www.youtube.com/watch?v=33GoyMq-M4w, , , , , 
Marnie4,Intoduction to Marie at the Met,I wanted to save you,Terry and Marnie,Marnie Overview,Liar suire,http://www.youtube.com/watch?v=zjT_sgkfWi8,http://www.youtube.com/watch?v=-w3_m3k0AWk,http://www.youtube.com/watch?v=T235gSHCpK0,http://www.youtube.com/watch?v=1mGKyw0SK_I,http://www.youtube.com/watch?v=33GoyMq-M4w, , , , , 
Marnie5,Intoduction to Marie at the Met,I wanted to save you,Terry and Marnie,Marnie Overview,Liar suire,http://www.youtube.com/watch?v=zjT_sgkfWi8,http://www.youtube.com/watch?v=-w3_m3k0AWk,http://www.youtube.com/watch?v=T235gSHCpK0,http://www.youtube.com/watch?v=1mGKyw0SK_I,http://www.youtube.com/watch?v=33GoyMq-M4w, , , , , 
Marnie6,Intoduction to Marie at the Met,I wanted to save you,Terry and Marnie,Marnie Overview,Liar suire,http://www.youtube.com/watch?v=zjT_sgkfWi8,http://www.youtube.com/watch?v=-w3_m3k0AWk,http://www.youtube.com/watch?v=T235gSHCpK0,http://www.youtube.com/watch?v=1mGKyw0SK_I,http://www.youtube.com/watch?v=33GoyMq-M4w, , , , , 
Marnie7,Intoduction to Marie at the Met,I wanted to save you,Terry and Marnie,Marnie Overview,Liar suire,http://www.youtube.com/watch?v=zjT_sgkfWi8,http://www.youtube.com/watch?v=-w3_m3k0AWk,http://www.youtube.com/watch?v=T235gSHCpK0,http://www.youtube.com/watch?v=1mGKyw0SK_I,http://www.youtube.com/watch?v=33GoyMq-M4w, , , , , 
Mefistofele1,L'altra notte in fondo al mare,Giunto sul passo estremo,Dai campi dai prati,Ecco il mondo,Forma ideal purissima,http://www.youtube.com/watch?v=8da430cWbz0,http://www.youtube.com/watch?v=SOsdIk4dado,http://www.youtube.com/watch?v=XklBRTOSmcE,http://www.youtube.com/watch?v=WSyV3cjWLWY,http://www.youtube.com/watch?v=5T1qV6fZofo,3,4,1,2,4
Mefistofele2,L'altra notte in fondo al mare,Giunto sul passo estremo,Dai campi dai prati,Ecco il mondo,Forma ideal purissima,http://www.youtube.com/watch?v=8da430cWbz0,http://www.youtube.com/watch?v=SOsdIk4dado,http://www.youtube.com/watch?v=XklBRTOSmcE,http://www.youtube.com/watch?v=WSyV3cjWLWY,http://www.youtube.com/watch?v=5T1qV6fZofo,3,4,1,2,4
Mefistofele3,L'altra notte in fondo al mare,Giunto sul passo estremo,Dai campi dai prati,Ecco il mondo,Forma ideal purissima,http://www.youtube.com/watch?v=8da430cWbz0,http://www.youtube.com/watch?v=SOsdIk4dado,http://www.youtube.com/watch?v=XklBRTOSmcE,http://www.youtube.com/watch?v=WSyV3cjWLWY,http://www.youtube.com/watch?v=5T1qV6fZofo,3,4,1,2,4
Mefistofele4,L'altra notte in fondo al mare,Giunto sul passo estremo,Dai campi dai prati,Ecco il mondo,Forma ideal purissima,http://www.youtube.com/watch?v=8da430cWbz0,http://www.youtube.com/watch?v=SOsdIk4dado,http://www.youtube.com/watch?v=XklBRTOSmcE,http://www.youtube.com/watch?v=WSyV3cjWLWY,http://www.youtube.com/watch?v=5T1qV6fZofo,3,4,1,2,4
Mefistofele5,L'altra notte in fondo al mare,Giunto sul passo estremo,Dai campi dai prati,Ecco il mondo,Forma ideal purissima,http://www.youtube.com/watch?v=8da430cWbz0,http://www.youtube.com/watch?v=SOsdIk4dado,http://www.youtube.com/watch?v=XklBRTOSmcE,http://www.youtube.com/watch?v=WSyV3cjWLWY,http://www.youtube.com/watch?v=5T1qV6fZofo,3,4,1,2,4
Mefistofele6,L'altra notte in fondo al mare,Giunto sul passo estremo,Dai campi dai prati,Ecco il mondo,Forma ideal purissima,http://www.youtube.com/watch?v=8da430cWbz0,http://www.youtube.com/watch?v=SOsdIk4dado,http://www.youtube.com/watch?v=XklBRTOSmcE,http://www.youtube.com/watch?v=WSyV3cjWLWY,http://www.youtube.com/watch?v=5T1qV6fZofo,3,4,1,2,4
Mefistofele7,L'altra notte in fondo al mare,Giunto sul passo estremo,Dai campi dai prati,Ecco il mondo,Forma ideal purissima,http://www.youtube.com/watch?v=8da430cWbz0,http://www.youtube.com/watch?v=SOsdIk4dado,http://www.youtube.com/watch?v=XklBRTOSmcE,http://www.youtube.com/watch?v=WSyV3cjWLWY,http://www.youtube.com/watch?v=5T1qV6fZofo,3,4,1,2,4
Otello1,Ave Maria piena di grazia,Gia nella notte densa,Venga la morte,Fuoco di gioia,Una vela una vela,http://www.youtube.com/watch?v=BAwh4Yq0rpY,http://www.youtube.com/watch?v=DqThr6QjECo,http://www.youtube.com/watch?v=8wZeiCAIzFo,http://www.youtube.com/watch?v=8n9_CjKT9aI,http://www.youtube.com/watch?v=E4S8LW1siss,4.04,1.09-1 ,1.10-1 ,1.04,1.01
Otello2,Ave Maria piena di grazia,Gia nella notte densa,Venga la morte,Fuoco di gioia,Una vela una vela,http://www.youtube.com/watch?v=BAwh4Yq0rpY,http://www.youtube.com/watch?v=DqThr6QjECo,http://www.youtube.com/watch?v=8wZeiCAIzFo,http://www.youtube.com/watch?v=8n9_CjKT9aI,http://www.youtube.com/watch?v=E4S8LW1siss,4.04,1.09-1 ,1.10-1 ,1.04,1.01
Otello3,Ave Maria piena di grazia,Gia nella notte densa,Venga la morte,Fuoco di gioia,Una vela una vela,http://www.youtube.com/watch?v=BAwh4Yq0rpY,http://www.youtube.com/watch?v=DqThr6QjECo,http://www.youtube.com/watch?v=8wZeiCAIzFo,http://www.youtube.com/watch?v=8n9_CjKT9aI,http://www.youtube.com/watch?v=E4S8LW1siss,4.04,1.09-1 ,1.10-1 ,1.04,1.01
Otello4,Ave Maria piena di grazia,Gia nella notte densa,Venga la morte,Fuoco di gioia,Una vela una vela,http://www.youtube.com/watch?v=BAwh4Yq0rpY,http://www.youtube.com/watch?v=DqThr6QjECo,http://www.youtube.com/watch?v=8wZeiCAIzFo,http://www.youtube.com/watch?v=8n9_CjKT9aI,http://www.youtube.com/watch?v=E4S8LW1siss,4.04,1.09-1 ,1.10-1 ,1.04,1.01
Otello5,Ave Maria piena di grazia,Gia nella notte densa,Venga la morte,Fuoco di gioia,Una vela una vela,http://www.youtube.com/watch?v=BAwh4Yq0rpY,http://www.youtube.com/watch?v=DqThr6QjECo,http://www.youtube.com/watch?v=8wZeiCAIzFo,http://www.youtube.com/watch?v=8n9_CjKT9aI,http://www.youtube.com/watch?v=E4S8LW1siss,4.04,1.09-1 ,1.10-1 ,1.04,1.01
Otello6,Ave Maria piena di grazia,Gia nella notte densa,Venga la morte,Fuoco di gioia,Una vela una vela,http://www.youtube.com/watch?v=BAwh4Yq0rpY,http://www.youtube.com/watch?v=DqThr6QjECo,http://www.youtube.com/watch?v=8wZeiCAIzFo,http://www.youtube.com/watch?v=8n9_CjKT9aI,http://www.youtube.com/watch?v=E4S8LW1siss,4.04,1.09-1 ,1.10-1 ,1.04,1.01
Otello7,Ave Maria piena di grazia,Gia nella notte densa,Venga la morte,Fuoco di gioia,Una vela una vela,http://www.youtube.com/watch?v=BAwh4Yq0rpY,http://www.youtube.com/watch?v=DqThr6QjECo,http://www.youtube.com/watch?v=8wZeiCAIzFo,http://www.youtube.com/watch?v=8n9_CjKT9aI,http://www.youtube.com/watch?v=E4S8LW1siss,4.04,1.09-1 ,1.10-1 ,1.04,1.01
Pelléas_et_Mélisande1,Act III,Prelude,Introduction to Pelléas et Mélisande,Pelléas et Mélisande,Tower scene,http://www.youtube.com/watch?v=gbWydovn8oo,http://www.youtube.com/watch?v=_Dv3ZPDMRKU,http://www.youtube.com/watch?v=-Psp3P6petY,http://www.youtube.com/watch?v=fYl_xiolYuw,http://www.youtube.com/watch?v=EUnS720J2eo, , , , ,
Pelléas_et_Mélisande2,Act III,Prelude,Introduction to Pelléas et Mélisande,Pelléas et Mélisande,Tower scene,http://www.youtube.com/watch?v=gbWydovn8oo,http://www.youtube.com/watch?v=_Dv3ZPDMRKU,http://www.youtube.com/watch?v=-Psp3P6petY,http://www.youtube.com/watch?v=fYl_xiolYuw,http://www.youtube.com/watch?v=EUnS720J2eo, , , , ,
Pelléas_et_Mélisande3,Act III,Prelude,Introduction to Pelléas et Mélisande,Pelléas et Mélisande,Tower scene,http://www.youtube.com/watch?v=gbWydovn8oo,http://www.youtube.com/watch?v=_Dv3ZPDMRKU,http://www.youtube.com/watch?v=-Psp3P6petY,http://www.youtube.com/watch?v=fYl_xiolYuw,http://www.youtube.com/watch?v=EUnS720J2eo, , , , ,
Pelléas_et_Mélisande4,Act III,Prelude,Introduction to Pelléas et Mélisande,Pelléas et Mélisande,Tower scene,http://www.youtube.com/watch?v=gbWydovn8oo,http://www.youtube.com/watch?v=_Dv3ZPDMRKU,http://www.youtube.com/watch?v=-Psp3P6petY,http://www.youtube.com/watch?v=fYl_xiolYuw,http://www.youtube.com/watch?v=EUnS720J2eo, , , , ,
Pelléas_et_Mélisande5,Act III,Prelude,Introduction to Pelléas et Mélisande,Pelléas et Mélisande,Tower scene,http://www.youtube.com/watch?v=gbWydovn8oo,http://www.youtube.com/watch?v=_Dv3ZPDMRKU,http://www.youtube.com/watch?v=-Psp3P6petY,http://www.youtube.com/watch?v=fYl_xiolYuw,http://www.youtube.com/watch?v=EUnS720J2eo, , , , ,
Rigoletto1,Questa o quella,La donna e mobile,Bella figlia dell'amore,Gualtier malde..,Duca Duca?,http://www.youtube.com/watch?v=NWwg_VtrTdg,http://www.youtube.com/watch?v=8A3zetSuYRg,http://www.youtube.com/watch?v=l6S_kx0gDzc,http://www.youtube.com/watch?v=YuEDaTysGF8,http://www.youtube.com/watch?v=PjUCK8rdwjY,1.03,4.02,4.04,2.08-1 ,3.02-1 
Rigoletto10,Questa o quella,La donna e mobile,Bella figlia dell'amore,Gualtier malde..,Duca Duca?,http://www.youtube.com/watch?v=NWwg_VtrTdg,http://www.youtube.com/watch?v=8A3zetSuYRg,http://www.youtube.com/watch?v=l6S_kx0gDzc,http://www.youtube.com/watch?v=YuEDaTysGF8,http://www.youtube.com/watch?v=PjUCK8rdwjY,1.03,4.02,4.04,2.08-1 ,3.02-1 
Rigoletto11,Questa o quella,La donna e mobile,Bella figlia dell'amore,Gualtier malde..,Duca Duca?,http://www.youtube.com/watch?v=NWwg_VtrTdg,http://www.youtube.com/watch?v=8A3zetSuYRg,http://www.youtube.com/watch?v=l6S_kx0gDzc,http://www.youtube.com/watch?v=YuEDaTysGF8,http://www.youtube.com/watch?v=PjUCK8rdwjY,1.03,4.02,4.04,2.08-1 ,3.02-1 
Rigoletto12,Questa o quella,La donna e mobile,Bella figlia dell'amore,Gualtier malde..,Duca Duca?,http://www.youtube.com/watch?v=NWwg_VtrTdg,http://www.youtube.com/watch?v=8A3zetSuYRg,http://www.youtube.com/watch?v=l6S_kx0gDzc,http://www.youtube.com/watch?v=YuEDaTysGF8,http://www.youtube.com/watch?v=PjUCK8rdwjY,1.03,4.02,4.04,2.08-1 ,3.02-1 
Rigoletto13,Questa o quella,La donna e mobile,Bella figlia dell'amore,Gualtier malde..,Duca Duca?,http://www.youtube.com/watch?v=NWwg_VtrTdg,http://www.youtube.com/watch?v=8A3zetSuYRg,http://www.youtube.com/watch?v=l6S_kx0gDzc,http://www.youtube.com/watch?v=YuEDaTysGF8,http://www.youtube.com/watch?v=PjUCK8rdwjY,1.03,4.02,4.04,2.08-1 ,3.02-1 
Rigoletto2,Questa o quella,La donna e mobile,Bella figlia dell'amore,Gualtier malde..,Duca Duca?,http://www.youtube.com/watch?v=NWwg_VtrTdg,http://www.youtube.com/watch?v=8A3zetSuYRg,http://www.youtube.com/watch?v=l6S_kx0gDzc,http://www.youtube.com/watch?v=YuEDaTysGF8,http://www.youtube.com/watch?v=PjUCK8rdwjY,1.03,4.02,4.04,2.08-1 ,3.02-1 
Rigoletto3,Questa o quella,La donna e mobile,Bella figlia dell'amore,Gualtier malde..,Duca Duca?,http://www.youtube.com/watch?v=NWwg_VtrTdg,http://www.youtube.com/watch?v=8A3zetSuYRg,http://www.youtube.com/watch?v=l6S_kx0gDzc,http://www.youtube.com/watch?v=YuEDaTysGF8,http://www.youtube.com/watch?v=PjUCK8rdwjY,1.03,4.02,4.04,2.08-1 ,3.02-1 
Rigoletto4,Questa o quella,La donna e mobile,Bella figlia dell'amore,Gualtier malde..,Duca Duca?,http://www.youtube.com/watch?v=NWwg_VtrTdg,http://www.youtube.com/watch?v=8A3zetSuYRg,http://www.youtube.com/watch?v=l6S_kx0gDzc,http://www.youtube.com/watch?v=YuEDaTysGF8,http://www.youtube.com/watch?v=PjUCK8rdwjY,1.03,4.02,4.04,2.08-1 ,3.02-1 
Rigoletto5,Questa o quella,La donna e mobile,Bella figlia dell'amore,Gualtier malde..,Duca Duca?,http://www.youtube.com/watch?v=NWwg_VtrTdg,http://www.youtube.com/watch?v=8A3zetSuYRg,http://www.youtube.com/watch?v=l6S_kx0gDzc,http://www.youtube.com/watch?v=YuEDaTysGF8,http://www.youtube.com/watch?v=PjUCK8rdwjY,1.03,4.02,4.04,2.08-1 ,3.02-1 
Rigoletto6,Questa o quella,La donna e mobile,Bella figlia dell'amore,Gualtier malde..,Duca Duca?,http://www.youtube.com/watch?v=NWwg_VtrTdg,http://www.youtube.com/watch?v=8A3zetSuYRg,http://www.youtube.com/watch?v=l6S_kx0gDzc,http://www.youtube.com/watch?v=YuEDaTysGF8,http://www.youtube.com/watch?v=PjUCK8rdwjY,1.03,4.02,4.04,2.08-1 ,3.02-1 
Rigoletto7,Questa o quella,La donna e mobile,Bella figlia dell'amore,Gualtier malde..,Duca Duca?,http://www.youtube.com/watch?v=NWwg_VtrTdg,http://www.youtube.com/watch?v=8A3zetSuYRg,http://www.youtube.com/watch?v=l6S_kx0gDzc,http://www.youtube.com/watch?v=YuEDaTysGF8,http://www.youtube.com/watch?v=PjUCK8rdwjY,1.03,4.02,4.04,2.08-1 ,3.02-1 
Rigoletto8,Questa o quella,La donna e mobile,Bella figlia dell'amore,Gualtier malde..,Duca Duca?,http://www.youtube.com/watch?v=NWwg_VtrTdg,http://www.youtube.com/watch?v=8A3zetSuYRg,http://www.youtube.com/watch?v=l6S_kx0gDzc,http://www.youtube.com/watch?v=YuEDaTysGF8,http://www.youtube.com/watch?v=PjUCK8rdwjY,1.03,4.02,4.04,2.08-1 ,3.02-1 
Rigoletto9,Questa o quella,La donna e mobile,Bella figlia dell'amore,Gualtier malde..,Duca Duca?,http://www.youtube.com/watch?v=NWwg_VtrTdg,http://www.youtube.com/watch?v=8A3zetSuYRg,http://www.youtube.com/watch?v=l6S_kx0gDzc,http://www.youtube.com/watch?v=YuEDaTysGF8,http://www.youtube.com/watch?v=PjUCK8rdwjY,1.03,4.02,4.04,2.08-1 ,3.02-1 
Samson_et_Dalila1,Mon coeur s'ouvre a ta voix,Bacchanale,Printemps qui commence,Amour viens aider ma faiblesse,Arretez o mes freres,http://www.youtube.com/watch?v=9piRiiZ0C4Q,http://www.youtube.com/watch?v=QbkCfxnoY4A,http://www.youtube.com/watch?v=xBl7KEgicXM,http://www.youtube.com/watch?v=Rp8-a4OLZ74,http://www.youtube.com/watch?v=eKnPRO7Rt8Q,2,,1,2,1
Samson_et_Dalila10,Mon coeur s'ouvre a ta voix,Bacchanale,Printemps qui commence,Amour viens aider ma faiblesse,Arretez o mes freres,http://www.youtube.com/watch?v=9piRiiZ0C4Q,http://www.youtube.com/watch?v=QbkCfxnoY4A,http://www.youtube.com/watch?v=xBl7KEgicXM,http://www.youtube.com/watch?v=Rp8-a4OLZ74,http://www.youtube.com/watch?v=eKnPRO7Rt8Q,2,,1,2,1
Samson_et_Dalila11,Mon coeur s'ouvre a ta voix,Bacchanale,Printemps qui commence,Amour viens aider ma faiblesse,Arretez o mes freres,http://www.youtube.com/watch?v=9piRiiZ0C4Q,http://www.youtube.com/watch?v=QbkCfxnoY4A,http://www.youtube.com/watch?v=xBl7KEgicXM,http://www.youtube.com/watch?v=Rp8-a4OLZ74,http://www.youtube.com/watch?v=eKnPRO7Rt8Q,2,,1,2,1
Samson_et_Dalila12,Mon coeur s'ouvre a ta voix,Bacchanale,Printemps qui commence,Amour viens aider ma faiblesse,Arretez o mes freres,http://www.youtube.com/watch?v=9piRiiZ0C4Q,http://www.youtube.com/watch?v=QbkCfxnoY4A,http://www.youtube.com/watch?v=xBl7KEgicXM,http://www.youtube.com/watch?v=Rp8-a4OLZ74,http://www.youtube.com/watch?v=eKnPRO7Rt8Q,2,,1,2,1
Samson_et_Dalila13,Mon coeur s'ouvre a ta voix,Bacchanale,Printemps qui commence,Amour viens aider ma faiblesse,Arretez o mes freres,http://www.youtube.com/watch?v=9piRiiZ0C4Q,http://www.youtube.com/watch?v=QbkCfxnoY4A,http://www.youtube.com/watch?v=xBl7KEgicXM,http://www.youtube.com/watch?v=Rp8-a4OLZ74,http://www.youtube.com/watch?v=eKnPRO7Rt8Q,2,,1,2,1
Samson_et_Dalila2,Mon coeur s'ouvre a ta voix,Bacchanale,Printemps qui commence,Amour viens aider ma faiblesse,Arretez o mes freres,http://www.youtube.com/watch?v=9piRiiZ0C4Q,http://www.youtube.com/watch?v=QbkCfxnoY4A,http://www.youtube.com/watch?v=xBl7KEgicXM,http://www.youtube.com/watch?v=Rp8-a4OLZ74,http://www.youtube.com/watch?v=eKnPRO7Rt8Q,2,,1,2,1
Samson_et_Dalila3,Mon coeur s'ouvre a ta voix,Bacchanale,Printemps qui commence,Amour viens aider ma faiblesse,Arretez o mes freres,http://www.youtube.com/watch?v=9piRiiZ0C4Q,http://www.youtube.com/watch?v=QbkCfxnoY4A,http://www.youtube.com/watch?v=xBl7KEgicXM,http://www.youtube.com/watch?v=Rp8-a4OLZ74,http://www.youtube.com/watch?v=eKnPRO7Rt8Q,2,,1,2,1
Samson_et_Dalila4,Mon coeur s'ouvre a ta voix,Bacchanale,Printemps qui commence,Amour viens aider ma faiblesse,Arretez o mes freres,http://www.youtube.com/watch?v=9piRiiZ0C4Q,http://www.youtube.com/watch?v=QbkCfxnoY4A,http://www.youtube.com/watch?v=xBl7KEgicXM,http://www.youtube.com/watch?v=Rp8-a4OLZ74,http://www.youtube.com/watch?v=eKnPRO7Rt8Q,2,,1,2,1
Samson_et_Dalila5,Mon coeur s'ouvre a ta voix,Bacchanale,Printemps qui commence,Amour viens aider ma faiblesse,Arretez o mes freres,http://www.youtube.com/watch?v=9piRiiZ0C4Q,http://www.youtube.com/watch?v=QbkCfxnoY4A,http://www.youtube.com/watch?v=xBl7KEgicXM,http://www.youtube.com/watch?v=Rp8-a4OLZ74,http://www.youtube.com/watch?v=eKnPRO7Rt8Q,2,,1,2,1
Samson_et_Dalila6,Mon coeur s'ouvre a ta voix,Bacchanale,Printemps qui commence,Amour viens aider ma faiblesse,Arretez o mes freres,http://www.youtube.com/watch?v=9piRiiZ0C4Q,http://www.youtube.com/watch?v=QbkCfxnoY4A,http://www.youtube.com/watch?v=xBl7KEgicXM,http://www.youtube.com/watch?v=Rp8-a4OLZ74,http://www.youtube.com/watch?v=eKnPRO7Rt8Q,2,,1,2,1
Samson_et_Dalila7,Mon coeur s'ouvre a ta voix,Bacchanale,Printemps qui commence,Amour viens aider ma faiblesse,Arretez o mes freres,http://www.youtube.com/watch?v=9piRiiZ0C4Q,http://www.youtube.com/watch?v=QbkCfxnoY4A,http://www.youtube.com/watch?v=xBl7KEgicXM,http://www.youtube.com/watch?v=Rp8-a4OLZ74,http://www.youtube.com/watch?v=eKnPRO7Rt8Q,2,,1,2,1
Samson_et_Dalila8,Mon coeur s'ouvre a ta voix,Bacchanale,Printemps qui commence,Amour viens aider ma faiblesse,Arretez o mes freres,http://www.youtube.com/watch?v=9piRiiZ0C4Q,http://www.youtube.com/watch?v=QbkCfxnoY4A,http://www.youtube.com/watch?v=xBl7KEgicXM,http://www.youtube.com/watch?v=Rp8-a4OLZ74,http://www.youtube.com/watch?v=eKnPRO7Rt8Q,2,,1,2,1
Samson_et_Dalila9,Mon coeur s'ouvre a ta voix,Bacchanale,Printemps qui commence,Amour viens aider ma faiblesse,Arretez o mes freres,http://www.youtube.com/watch?v=9piRiiZ0C4Q,http://www.youtube.com/watch?v=QbkCfxnoY4A,http://www.youtube.com/watch?v=xBl7KEgicXM,http://www.youtube.com/watch?v=Rp8-a4OLZ74,http://www.youtube.com/watch?v=eKnPRO7Rt8Q,2,,1,2,1
Siegfried1,Brunnhildes Erwachen,Heil dir Sonne,Ewig war ich,Overture,Waldweben,http://www.youtube.com/watch?v=HJnDoKOjKLE,http://www.youtube.com/watch?v=HJnDoKOjKLE,http://www.youtube.com/watch?v=hXsqx0rUZuY,http://www.youtube.com/watch?v=891JUSQplzU,http://www.youtube.com/watch?v=yoDpTYDxvq8,,3,3.03,1.01,
Siegfried2,Brunnhildes Erwachen,Heil dir Sonne,Ewig war ich,Overture,Waldweben,http://www.youtube.com/watch?v=HJnDoKOjKLE,http://www.youtube.com/watch?v=HJnDoKOjKLE,http://www.youtube.com/watch?v=hXsqx0rUZuY,http://www.youtube.com/watch?v=891JUSQplzU,http://www.youtube.com/watch?v=yoDpTYDxvq8,,3,3.03,1.01,
Suor_Angelica1,Senza mamma o bimbo tu sei morto,O mio babbino caro,Avete torto,Il tabarro,Finale,http://www.youtube.com/watch?v=_KrTQmHKzcw,http://www.youtube.com/watch?v=ZRuYQ9KRJms,http://www.youtube.com/watch?v=WrnCItYsF3Y,http://www.youtube.com/watch?v=ldq1AvNhhE8&t=411s,http://www.youtube.com/watch?v=YhnT7NdUb48,1,3,3, , 
Suor_Angelica2,Senza mamma o bimbo tu sei morto,O mio babbino caro,Avete torto,Il tabarro,Finale,http://www.youtube.com/watch?v=_KrTQmHKzcw,http://www.youtube.com/watch?v=ZRuYQ9KRJms,http://www.youtube.com/watch?v=WrnCItYsF3Y,http://www.youtube.com/watch?v=ldq1AvNhhE8&t=411s,http://www.youtube.com/watch?v=YhnT7NdUb48,1,3,3, , 
Suor_Angelica3,Senza mamma o bimbo tu sei morto,O mio babbino caro,Avete torto,Il tabarro,Finale,http://www.youtube.com/watch?v=_KrTQmHKzcw,http://www.youtube.com/watch?v=ZRuYQ9KRJms,http://www.youtube.com/watch?v=WrnCItYsF3Y,http://www.youtube.com/watch?v=ldq1AvNhhE8&t=411s,http://www.youtube.com/watch?v=YhnT7NdUb48,1,3,3, , 
Suor_Angelica4,Senza mamma o bimbo tu sei morto,O mio babbino caro,Avete torto,Il tabarro,Finale,http://www.youtube.com/watch?v=_KrTQmHKzcw,http://www.youtube.com/watch?v=ZRuYQ9KRJms,http://www.youtube.com/watch?v=WrnCItYsF3Y,http://www.youtube.com/watch?v=ldq1AvNhhE8&t=411s,http://www.youtube.com/watch?v=YhnT7NdUb48,1,3,3, , 
Suor_Angelica5,Senza mamma o bimbo tu sei morto,O mio babbino caro,Avete torto,Il tabarro,Finale,http://www.youtube.com/watch?v=_KrTQmHKzcw,http://www.youtube.com/watch?v=ZRuYQ9KRJms,http://www.youtube.com/watch?v=WrnCItYsF3Y,http://www.youtube.com/watch?v=ldq1AvNhhE8&t=411s,http://www.youtube.com/watch?v=YhnT7NdUb48,1,3,3, , 
Suor_Angelica6,Senza mamma o bimbo tu sei morto,O mio babbino caro,Avete torto,Il tabarro,Finale,http://www.youtube.com/watch?v=_KrTQmHKzcw,http://www.youtube.com/watch?v=ZRuYQ9KRJms,http://www.youtube.com/watch?v=WrnCItYsF3Y,http://www.youtube.com/watch?v=ldq1AvNhhE8&t=411s,http://www.youtube.com/watch?v=YhnT7NdUb48,1,3,3, , 
Suor_Angelica7,Senza mamma o bimbo tu sei morto,O mio babbino caro,Avete torto,Il tabarro,Finale,http://www.youtube.com/watch?v=_KrTQmHKzcw,http://www.youtube.com/watch?v=ZRuYQ9KRJms,http://www.youtube.com/watch?v=WrnCItYsF3Y,http://www.youtube.com/watch?v=ldq1AvNhhE8&t=411s,http://www.youtube.com/watch?v=YhnT7NdUb48,1,3,3, , 
Tosca1,Vissi d'arte vissi d'amore,E lucevan le stelle,Gente la dentro!,Mario Mario son qui!,Mario Cavaradossi?,http://www.youtube.com/watch?v=NLR3lSrqlww,http://www.youtube.com/watch?v=TU5roitYI1s,http://www.youtube.com/watch?v=V14V8cImh8E,http://www.youtube.com/watch?v=Z3MJBRMsOS4,http://www.youtube.com/watch?v=FRtoEEURoes,2.14-1 ,3.03,1.04-2 ,1.06,3.02
Tosca10,Vissi d'arte vissi d'amore,E lucevan le stelle,Gente la dentro!,Mario Mario son qui!,Mario Cavaradossi?,http://www.youtube.com/watch?v=NLR3lSrqlww,http://www.youtube.com/watch?v=TU5roitYI1s,http://www.youtube.com/watch?v=V14V8cImh8E,http://www.youtube.com/watch?v=Z3MJBRMsOS4,http://www.youtube.com/watch?v=FRtoEEURoes,2.14-1 ,3.03,1.04-2 ,1.06,3.02
Tosca11,Vissi d'arte vissi d'amore,E lucevan le stelle,Gente la dentro!,Mario Mario son qui!,Mario Cavaradossi?,http://www.youtube.com/watch?v=NLR3lSrqlww,http://www.youtube.com/watch?v=TU5roitYI1s,http://www.youtube.com/watch?v=V14V8cImh8E,http://www.youtube.com/watch?v=Z3MJBRMsOS4,http://www.youtube.com/watch?v=FRtoEEURoes,2.14-1 ,3.03,1.04-2 ,1.06,3.02
Tosca12,Vissi d'arte vissi d'amore,E lucevan le stelle,Gente la dentro!,Mario Mario son qui!,Mario Cavaradossi?,http://www.youtube.com/watch?v=NLR3lSrqlww,http://www.youtube.com/watch?v=TU5roitYI1s,http://www.youtube.com/watch?v=V14V8cImh8E,http://www.youtube.com/watch?v=Z3MJBRMsOS4,http://www.youtube.com/watch?v=FRtoEEURoes,2.14-1 ,3.03,1.04-2 ,1.06,3.02
Tosca13,Vissi d'arte vissi d'amore,E lucevan le stelle,Gente la dentro!,Mario Mario son qui!,Mario Cavaradossi?,http://www.youtube.com/watch?v=NLR3lSrqlww,http://www.youtube.com/watch?v=TU5roitYI1s,http://www.youtube.com/watch?v=V14V8cImh8E,http://www.youtube.com/watch?v=Z3MJBRMsOS4,http://www.youtube.com/watch?v=FRtoEEURoes,2.14-1 ,3.03,1.04-2 ,1.06,3.02
Tosca2,Vissi d'arte vissi d'amore,E lucevan le stelle,Gente la dentro!,Mario Mario son qui!,Mario Cavaradossi?,http://www.youtube.com/watch?v=NLR3lSrqlww,http://www.youtube.com/watch?v=TU5roitYI1s,http://www.youtube.com/watch?v=V14V8cImh8E,http://www.youtube.com/watch?v=Z3MJBRMsOS4,http://www.youtube.com/watch?v=FRtoEEURoes,2.14-1 ,3.03,1.04-2 ,1.06,3.02
Tosca3,Vissi d'arte vissi d'amore,E lucevan le stelle,Gente la dentro!,Mario Mario son qui!,Mario Cavaradossi?,http://www.youtube.com/watch?v=NLR3lSrqlww,http://www.youtube.com/watch?v=TU5roitYI1s,http://www.youtube.com/watch?v=V14V8cImh8E,http://www.youtube.com/watch?v=Z3MJBRMsOS4,http://www.youtube.com/watch?v=FRtoEEURoes,2.14-1 ,3.03,1.04-2 ,1.06,3.02
Tosca4,Vissi d'arte vissi d'amore,E lucevan le stelle,Gente la dentro!,Mario Mario son qui!,Mario Cavaradossi?,http://www.youtube.com/watch?v=NLR3lSrqlww,http://www.youtube.com/watch?v=TU5roitYI1s,http://www.youtube.com/watch?v=V14V8cImh8E,http://www.youtube.com/watch?v=Z3MJBRMsOS4,http://www.youtube.com/watch?v=FRtoEEURoes,2.14-1 ,3.03,1.04-2 ,1.06,3.02
Tosca5,Vissi d'arte vissi d'amore,E lucevan le stelle,Gente la dentro!,Mario Mario son qui!,Mario Cavaradossi?,http://www.youtube.com/watch?v=NLR3lSrqlww,http://www.youtube.com/watch?v=TU5roitYI1s,http://www.youtube.com/watch?v=V14V8cImh8E,http://www.youtube.com/watch?v=Z3MJBRMsOS4,http://www.youtube.com/watch?v=FRtoEEURoes,2.14-1 ,3.03,1.04-2 ,1.06,3.02
Tosca6,Vissi d'arte vissi d'amore,E lucevan le stelle,Gente la dentro!,Mario Mario son qui!,Mario Cavaradossi?,http://www.youtube.com/watch?v=NLR3lSrqlww,http://www.youtube.com/watch?v=TU5roitYI1s,http://www.youtube.com/watch?v=V14V8cImh8E,http://www.youtube.com/watch?v=Z3MJBRMsOS4,http://www.youtube.com/watch?v=FRtoEEURoes,2.14-1 ,3.03,1.04-2 ,1.06,3.02
Tosca7,Vissi d'arte vissi d'amore,E lucevan le stelle,Gente la dentro!,Mario Mario son qui!,Mario Cavaradossi?,http://www.youtube.com/watch?v=NLR3lSrqlww,http://www.youtube.com/watch?v=TU5roitYI1s,http://www.youtube.com/watch?v=V14V8cImh8E,http://www.youtube.com/watch?v=Z3MJBRMsOS4,http://www.youtube.com/watch?v=FRtoEEURoes,2.14-1 ,3.03,1.04-2 ,1.06,3.02
Tosca8,Vissi d'arte vissi d'amore,E lucevan le stelle,Gente la dentro!,Mario Mario son qui!,Mario Cavaradossi?,http://www.youtube.com/watch?v=NLR3lSrqlww,http://www.youtube.com/watch?v=TU5roitYI1s,http://www.youtube.com/watch?v=V14V8cImh8E,http://www.youtube.com/watch?v=Z3MJBRMsOS4,http://www.youtube.com/watch?v=FRtoEEURoes,2.14-1 ,3.03,1.04-2 ,1.06,3.02
Tosca9,Vissi d'arte vissi d'amore,E lucevan le stelle,Gente la dentro!,Mario Mario son qui!,Mario Cavaradossi?,http://www.youtube.com/watch?v=NLR3lSrqlww,http://www.youtube.com/watch?v=TU5roitYI1s,http://www.youtube.com/watch?v=V14V8cImh8E,http://www.youtube.com/watch?v=Z3MJBRMsOS4,http://www.youtube.com/watch?v=FRtoEEURoes,2.14-1 ,3.03,1.04-2 ,1.06,3.02